tick,router_id,flit_in,flit_out,avg_wait,max_wait,buffer_occ,active_vcs,stalls,credits,crossbar,io_ratio,sw_in_arb,sw_out_arb,empty_vcs,total_wait,min_cred,max_cred,credit_sends
52500,10,69,0,555.32,4800.00,1,1,21,144,1903,0.0000,68,54,71,39983.33,1,4,54
53500,9,71,0,692.94,7550.00,1,1,19,142,2154,0.0000,70,67,71,49891.67,0,4,67
54500,8,35,0,606.67,6000.00,0,0,22,120,1012,0.0000,35,35,60,36400.00,1,4,35
55500,11,21,0,428.33,5100.00,1,1,16,120,402,0.0000,20,20,59,25700.00,1,4,20
55500,0,22,0,476.39,5100.00,0,0,16,96,423,0.0000,22,22,48,22866.67,1,4,22
55500,14,64,0,550.56,4100.00,1,1,27,120,2667,0.0000,63,63,59,33033.33,1,4,63
56500,7,39,0,559.76,6100.00,0,1,22,116,1067,0.0000,39,39,60,33585.71,0,4,39
56500,4,37,0,653.33,6600.00,0,0,17,120,729,0.0000,37,31,60,39200.00,1,4,31
56500,1,67,0,699.58,5850.00,0,1,21,117,2171,0.0000,66,58,60,41975.00,1,4,58
56500,13,65,0,838.89,8700.00,1,1,16,120,2398,0.0000,64,64,59,50333.33,1,4,64
56500,6,62,0,642.36,6000.00,2,2,19,144,1808,0.0000,57,55,70,46250.00,1,4,55
57500,2,60,0,679.17,4500.00,1,1,18,120,2112,0.0000,59,59,59,40750.00,1,4,59
58500,3,57,0,661.46,4000.00,0,0,16,96,2103,0.0000,57,57,48,31750.00,1,4,57
58500,12,23,0,504.17,7000.00,2,2,12,96,364,0.0000,21,21,46,24200.00,1,4,21
60000,5,89,0,682.87,5400.00,0,0,22,141,2944,0.0000,81,72,72,49166.67,0,4,72
65500,15,26,0,509.72,6100.00,1,1,15,96,489,0.0000,25,25,47,24466.67,1,4,25
102500,10,34,0,450.93,5100.00,0,0,21,143,3965,0.0000,103,89,72,32466.67,0,4,35
103500,9,70,0,590.97,5800.00,0,0,26,144,7454,0.0000,139,127,72,42550.00,1,4,60
104500,8,48,0,593.61,6200.00,2,2,18,118,2966,0.0000,81,78,58,35616.67,1,4,43
105500,14,56,0,565.28,4500.00,1,1,16,118,5250,0.0000,118,110,59,33916.67,1,4,47
106500,6,46,0,522.92,4100.00,0,0,25,144,5306,0.0000,105,103,72,37650.00,1,4,48
106500,13,51,0,606.63,5500.00,1,1,22,118,6662,0.0000,115,115,59,36398.04,1,4,51
106500,11,49,0,668.33,6100.00,2,2,15,120,1725,0.0000,60,55,58,40100.00,1,4,35
106500,4,38,0,589.44,5666.67,1,1,21,120,2734,0.0000,74,68,59,35366.67,1,4,37
106500,0,17,0,514.58,6000.00,1,1,11,96,809,0.0000,38,38,47,24700.00,1,4,16
107000,1,33,0,481.67,5000.00,0,0,21,119,3834,0.0000,99,90,60,28900.00,0,4,32
108000,7,47,0,816.67,7500.00,1,1,19,120,3023,0.0000,77,76,59,49000.00,1,4,37
108500,12,36,0,401.74,4750.00,2,2,15,92,1898,0.0000,57,56,46,19283.33,0,4,35
109000,3,33,0,625.00,7100.00,1,1,22,96,4029,0.0000,89,89,47,30000.00,1,4,32
110500,5,52,0,543.06,4100.00,1,1,26,143,7300,0.0000,132,123,71,39100.00,0,4,51
110500,2,35,0,420.00,5000.00,1,1,22,120,4328,0.0000,94,94,59,25200.00,1,4,35
115500,15,45,0,796.58,6100.00,1,1,19,94,2303,0.0000,70,62,47,38235.71,1,4,37
152500,10,57,0,656.60,5550.00,2,2,24,142,8455,0.0000,158,144,70,47275.00,1,4,55
153500,9,30,0,449.54,5100.00,1,1,15,144,5843,0.0000,168,155,71,32366.67,1,4,28
154500,8,29,0,682.78,6200.00,1,1,14,120,3618,0.0000,109,105,59,40966.67,1,4,27
156500,0,15,0,470.83,4000.00,1,1,11,96,1159,0.0000,53,53,47,22600.00,1,4,15
156500,6,88,0,744.52,5000.00,0,1,19,140,10398,0.0000,185,177,72,53605.56,0,4,74
157000,4,33,0,708.33,7200.00,0,0,17,119,4192,0.0000,108,102,60,42500.00,0,4,34
157500,1,34,0,481.67,3100.00,1,1,20,120,5481,0.0000,132,123,59,28900.00,1,4,33
158000,7,54,0,751.57,6800.00,1,1,14,117,6344,0.0000,128,125,59,45094.44,0,4,49
158500,11,45,0,863.61,6300.00,1,1,16,120,4131,0.0000,105,99,59,51816.67,1,4,44
159000,3,29,0,656.02,6888.89,1,1,13,94,4177,0.0000,118,118,47,31488.89,1,4,29
159500,14,30,0,428.89,5500.00,1,1,21,120,6223,0.0000,148,140,59,25733.33,1,4,30
160500,13,24,0,410.00,4833.33,2,2,15,120,4593,0.0000,138,137,58,24600.00,1,4,22
161500,12,16,0,421.88,5750.00,1,1,14,96,1862,0.0000,73,72,47,20250.00,1,4,16
161500,5,48,0,496.53,4100.00,1,1,18,144,8115,0.0000,180,170,71,35750.00,1,4,47
165500,15,31,0,750.00,7400.00,2,2,12,95,2918,0.0000,100,89,46,36000.00,1,4,27
168500,2,36,0,406.94,4100.00,1,1,17,120,5402,0.0000,130,128,59,24416.67,1,4,34
204500,8,29,0,566.11,5100.00,1,1,13,118,4774,0.0000,138,134,59,33966.67,0,4,29
204500,9,40,0,481.25,6400.00,1,1,22,144,10358,0.0000,208,195,71,34650.00,1,4,40
204500,10,49,0,548.61,4100.00,1,1,25,144,11126,0.0000,208,193,71,39500.00,1,4,49
206500,0,38,0,659.38,6000.00,0,0,21,93,4262,0.0000,92,92,48,31650.00,0,4,39
206500,6,17,0,338.89,5500.00,0,0,15,144,5735,0.0000,202,194,72,24400.00,1,4,17
207500,1,39,0,500.28,4000.00,2,2,12,117,6148,0.0000,170,160,58,30016.67,0,4,37
208500,11,36,0,527.50,4400.00,1,1,16,120,5020,0.0000,141,134,59,31650.00,1,4,35
208500,7,32,0,511.25,6500.00,1,1,16,120,6228,0.0000,160,157,59,30675.00,1,4,32
209500,14,31,0,440.00,4300.00,1,1,18,120,6648,0.0000,179,170,59,26400.00,1,4,30
210500,4,23,0,470.00,5600.00,1,1,16,120,4181,0.0000,130,124,59,28200.00,1,4,22
210500,3,32,0,637.50,7500.00,1,1,17,96,5863,0.0000,150,148,47,30600.00,1,4,30
210500,13,35,0,477.50,3100.00,0,1,10,117,6435,0.0000,175,173,60,28650.00,1,4,36
211500,12,23,0,499.31,6100.00,0,0,13,96,2929,0.0000,97,96,48,23966.67,1,4,24
211500,5,36,0,524.54,5400.00,0,0,12,140,8669,0.0000,217,207,72,37766.67,0,4,37
215500,15,22,0,451.09,4785.71,0,1,13,93,3663,0.0000,124,113,48,21652.38,1,4,24
221500,2,41,0,618.33,5300.00,1,1,25,120,9254,0.0000,171,169,59,37100.00,1,4,41
254500,10,43,0,476.39,5300.00,0,0,20,143,12464,0.0000,252,235,72,34300.00,1,4,42
254500,8,70,0,792.02,7200.00,2,2,19,119,9405,0.0000,195,183,58,47521.43,1,4,49
255500,9,50,0,621.76,4700.00,1,1,18,144,13939,0.0000,258,245,71,44766.67,1,4,50
256500,6,70,0,489.93,4100.00,0,2,20,138,16488,0.0000,272,263,72,35275.00,1,4,69
256500,0,24,0,431.25,4600.00,0,0,17,96,4073,0.0000,116,116,48,20700.00,1,4,24
257500,1,40,0,442.48,5000.00,0,1,22,117,10599,0.0000,212,201,60,26548.72,1,4,41
258500,7,51,0,631.39,6100.00,0,0,22,117,12467,0.0000,212,208,60,37883.33,1,4,51
259500,11,30,0,588.33,5500.00,1,1,21,120,7503,0.0000,171,164,59,35300.00,1,4,30
259500,14,54,0,693.10,4500.00,1,1,15,117,11856,0.0000,233,224,59,41585.71,0,4,54
260500,13,59,0,700.95,5700.00,1,1,21,115,13447,0.0000,233,231,59,42057.14,1,4,58
261500,5,64,0,478.24,4700.00,1,1,22,143,17737,0.0000,280,269,71,34433.33,1,4,62
261500,12,32,0,426.39,4666.67,0,0,17,94,5148,0.0000,129,127,48,20466.67,1,4,31
262500,4,43,0,566.11,6100.00,1,1,15,120,6814,0.0000,173,166,59,33966.67,1,4,42
262500,3,25,0,363.54,4750.00,1,1,14,96,5989,0.0000,175,173,47,17450.00,1,4,25
265500,15,29,0,658.33,6500.00,1,1,18,95,5661,0.0000,152,141,47,31600.00,1,4,28
272500,2,42,0,493.33,4800.00,1,1,22,120,11436,0.0000,213,210,59,29600.00,1,4,41
304500,8,67,0,922.50,6000.00,2,2,15,118,14335,0.0000,262,243,58,55350.00,1,4,60
304500,10,51,0,604.17,5400.00,1,1,19,143,15300,0.0000,302,282,71,43500.00,0,4,47
305500,9,65,0,653.94,5300.00,1,1,19,143,18312,0.0000,323,307,71,47083.33,0,4,62
306500,0,33,0,435.94,5200.00,2,3,14,93,5672,0.0000,147,147,46,20925.00,1,4,31
306500,6,50,0,653.24,5000.00,0,1,20,141,18243,0.0000,322,312,72,47033.33,1,4,49
307500,1,41,0,678.75,6300.00,1,2,17,116,11604,0.0000,252,241,59,40725.00,0,4,40
308500,7,64,0,859.17,5250.00,0,2,26,114,18164,0.0000,276,270,60,51550.00,1,4,62
309500,11,53,0,808.06,6400.00,1,2,17,117,12337,0.0000,224,217,59,48483.33,1,4,53
309500,14,34,0,571.11,4500.00,1,1,13,119,10153,0.0000,267,256,59,34266.67,0,4,32
310500,13,35,0,504.44,5400.00,0,0,18,120,13209,0.0000,269,267,60,30266.67,1,4,36
311500,5,53,0,676.62,5000.00,0,0,19,144,16352,0.0000,334,322,72,48716.67,1,4,53
312500,4,70,0,905.28,6100.00,0,1,15,117,10650,0.0000,237,221,60,54316.67,1,4,55
314000,3,52,0,823.96,6000.00,1,1,21,96,13124,0.0000,227,223,47,39550.00,1,4,50
314500,12,23,0,681.25,6000.00,1,1,21,96,5799,0.0000,151,149,47,32700.00,1,4,22
322500,15,26,0,537.33,5400.00,1,1,18,96,6821,0.0000,178,167,47,25791.67,1,4,26
324500,2,47,0,591.11,7200.00,1,1,19,120,13403,0.0000,260,256,59,35466.67,1,4,46
354500,10,51,0,605.79,7500.00,1,1,19,144,19005,0.0000,353,333,71,43616.67,1,4,51
355500,8,48,0,710.56,6200.00,0,0,20,120,16021,0.0000,311,290,60,42633.33,1,4,47
355500,9,56,0,509.03,6100.00,1,1,20,144,23448,0.0000,379,362,71,36650.00,1,4,55
357000,6,72,0,631.97,6500.00,0,0,21,143,26594,0.0000,394,375,72,45501.52,0,4,63
357500,0,26,0,735.07,7000.00,0,0,16,96,6805,0.0000,175,175,48,35283.33,1,4,28
357500,1,53,0,688.89,6100.00,1,1,19,119,16210,0.0000,304,292,59,41333.33,0,4,51
358500,7,59,0,938.10,7500.00,1,1,23,118,20368,0.0000,334,327,59,56285.71,1,4,57
359500,14,58,0,612.92,6000.00,1,1,13,120,15593,0.0000,323,306,59,36775.00,1,4,50
359500,11,31,0,816.11,8500.00,1,1,18,120,10507,0.0000,255,248,59,48966.67,1,4,31
360500,13,50,0,489.44,4000.00,1,1,19,119,18946,0.0000,318,315,59,29366.67,1,4,48
362000,5,51,0,543.29,5250.00,0,0,19,142,20446,0.0000,385,372,72,39116.67,1,4,50
365500,4,33,0,706.39,6750.00,1,1,18,120,11395,0.0000,269,253,59,42383.33,1,4,32
366500,12,42,0,879.86,7500.00,1,1,22,96,9948,0.0000,193,190,47,42233.33,1,4,41
369500,3,36,0,572.92,5500.00,1,1,20,96,12369,0.0000,263,259,47,27500.00,1,4,36
372500,15,34,0,857.18,8100.00,0,1,14,93,8495,0.0000,213,202,48,41144.44,1,4,35
375500,2,44,0,580.56,5000.00,1,1,23,120,17285,0.0000,304,300,59,34833.33,1,4,44
406500,9,37,0,490.97,4100.00,1,1,21,144,21782,0.0000,416,399,71,35350.00,1,4,37
407500,0,47,0,804.17,5000.00,0,0,16,94,11381,0.0000,222,222,48,38600.00,1,4,47
407500,1,57,0,765.83,5300.00,1,2,19,115,21550,0.0000,361,348,59,45950.00,1,4,56
407500,8,46,0,571.11,6000.00,1,1,17,120,16850,0.0000,356,334,59,34266.67,1,4,44
408500,7,46,0,627.59,7100.00,0,0,22,118,22401,0.0000,381,373,60,37655.56,0,4,46
408500,6,39,0,522.22,4600.00,1,1,18,144,20461,0.0000,432,413,71,37600.00,1,4,38
408500,10,28,0,545.14,5100.00,1,1,16,144,15308,0.0000,381,361,71,39250.00,1,4,28
409500,11,38,0,615.00,6150.00,1,1,14,118,12054,0.0000,293,286,59,36900.00,1,4,38
410500,13,41,0,418.73,6000.00,1,1,21,118,19522,0.0000,359,356,59,25123.81,1,4,41
412000,5,54,0,587.04,4100.00,0,0,21,144,26603,0.0000,435,421,72,42266.67,1,4,49
412500,14,39,0,417.22,6100.00,1,1,20,120,16975,0.0000,362,344,59,25033.33,1,4,38
416000,4,59,0,793.61,5600.00,0,0,22,119,20505,0.0000,329,313,60,47616.67,1,4,60
419500,3,45,0,856.25,8100.00,0,0,22,93,16950,0.0000,309,304,48,41100.00,0,4,45
420500,12,40,0,744.79,5500.00,1,1,23,96,12148,0.0000,233,229,47,35750.00,1,4,39
422500,15,42,0,658.07,7200.00,1,1,29,95,15102,0.0000,254,243,47,31587.50,1,4,41
425500,2,57,0,671.47,7500.00,0,1,22,117,22154,0.0000,362,349,60,40288.10,1,4,49
457500,9,55,0,517.36,4900.00,1,1,21,144,27966,0.0000,471,453,71,37250.00,1,4,54
457500,1,36,0,541.11,6100.00,1,1,21,120,19440,0.0000,397,384,59,32466.67,1,4,36
458500,7,18,0,444.17,4400.00,1,1,12,120,10699,0.0000,398,390,59,26650.00,1,4,17
458500,6,34,0,520.14,5700.00,1,1,16,142,19776,0.0000,466,447,71,37450.00,1,4,34
458500,10,55,0,445.60,4700.00,1,1,17,144,22287,0.0000,436,405,71,32083.33,1,4,44
459500,11,27,0,365.56,5400.00,1,1,22,120,14402,0.0000,320,313,59,21933.33,1,4,27
460500,13,39,0,560.00,5900.00,1,1,25,120,23076,0.0000,398,395,59,33600.00,1,4,39
461500,8,41,0,659.17,5300.00,1,1,20,120,20264,0.0000,397,374,59,39550.00,1,4,40
461500,0,36,0,661.46,6600.00,1,1,21,96,13454,0.0000,257,257,47,31750.00,1,4,35
462500,5,31,0,278.24,5433.33,1,1,21,144,21825,0.0000,465,450,71,20033.33,1,4,29
462500,14,39,0,356.11,3166.67,1,1,24,119,21429,0.0000,401,381,59,21366.67,0,4,37
468500,4,33,0,363.33,4600.00,2,2,20,120,16127,0.0000,360,344,58,21800.00,1,4,31
469500,3,28,0,472.92,4250.00,1,1,18,96,14009,0.0000,336,331,47,22700.00,1,4,27
470500,12,53,0,709.38,6000.00,2,2,22,93,15759,0.0000,283,271,46,34050.00,1,4,42
472500,15,28,0,552.43,6400.00,1,1,18,93,11317,0.0000,282,271,47,26516.67,0,4,28
479500,2,42,0,553.06,6000.00,2,2,21,120,19162,0.0000,402,387,58,33183.33,1,4,38
507500,1,40,0,600.56,5500.00,2,2,18,117,20481,0.0000,435,420,58,36033.33,1,4,36
507500,9,80,0,717.07,4600.00,1,1,16,138,34953,0.0000,551,530,71,51629.17,0,4,77
508500,6,56,0,634.80,4500.00,1,3,20,139,29752,0.0000,522,501,71,45705.56,1,4,54
508500,10,99,0,752.55,4900.00,2,2,19,143,39833,0.0000,533,487,70,54183.33,1,4,82
508500,7,36,0,755.00,6000.00,0,0,19,117,21596,0.0000,435,427,60,45300.00,0,4,37
510500,13,67,0,776.39,4900.00,0,0,19,119,32392,0.0000,466,463,60,46583.33,1,4,68
510500,11,44,0,674.44,6600.00,1,1,19,120,18059,0.0000,364,351,59,40466.67,1,4,38
511500,8,77,0,737.44,5400.00,0,1,18,117,31678,0.0000,473,446,60,44246.43,1,4,72
513000,14,91,0,834.68,5266.67,0,0,17,118,36003,0.0000,493,466,60,50080.95,1,4,85
514500,0,27,0,458.33,6900.00,1,1,17,96,11947,0.0000,284,284,47,22000.00,1,4,27
518500,5,69,0,668.29,4900.00,2,2,22,144,32042,0.0000,531,513,70,48116.67,1,4,63
520000,3,17,0,504.17,6100.00,0,0,12,96,10231,0.0000,354,349,48,24200.00,1,4,18
520500,12,40,0,589.55,5766.67,1,2,22,95,16822,0.0000,324,311,47,28298.48,1,4,40
522000,4,46,0,461.67,5900.00,1,1,22,120,23197,0.0000,407,390,59,27700.00,1,4,46
522500,15,47,0,613.54,3500.00,0,0,19,96,19162,0.0000,330,319,48,29450.00,1,4,48
529500,2,42,0,591.57,5611.11,0,1,22,117,26108,0.0000,446,429,60,35494.44,1,4,42
557500,1,40,0,573.75,6500.00,0,0,21,120,25104,0.0000,473,458,60,34425.00,1,4,38
557500,9,69,0,750.89,6300.00,3,3,18,144,37480,0.0000,618,596,69,54064.29,1,4,66
558500,6,60,0,519.68,4650.00,0,1,21,142,36736,0.0000,583,561,72,37416.67,1,4,60
558500,10,68,0,631.94,4200.00,2,3,20,142,36812,0.0000,601,553,70,45500.00,1,4,66
559000,7,19,0,564.17,5000.00,1,1,14,118,13518,0.0000,453,445,59,33850.00,1,4,18
560500,11,31,0,627.22,5666.67,2,3,17,115,14580,0.0000,394,380,58,37633.33,0,4,29
560500,13,45,0,700.00,5600.00,0,0,18,117,27640,0.0000,511,508,60,42000.00,1,4,45
562500,8,53,0,815.00,7500.00,0,0,22,119,30724,0.0000,526,499,60,48900.00,1,4,53
563000,14,49,0,514.17,4600.00,0,0,17,119,27522,0.0000,542,515,60,30850.00,1,4,49
564500,0,28,0,532.29,8350.00,1,1,20,96,14359,0.0000,312,312,47,25550.00,1,4,28
568500,5,77,0,905.79,8500.00,1,1,18,143,44219,0.0000,609,591,71,65216.67,1,4,78
571500,12,26,0,560.19,6400.00,1,1,16,96,12387,0.0000,350,337,47,26888.89,1,4,26
572500,4,41,0,655.28,6350.00,0,0,18,120,21446,0.0000,449,432,60,39316.67,1,4,42
573500,15,21,0,454.17,5100.00,0,0,8,96,8567,0.0000,351,340,48,21800.00,1,4,21
577500,3,25,0,506.25,5000.00,2,2,15,96,12973,0.0000,377,370,46,24300.00,1,4,21
579500,2,18,0,512.50,6500.00,1,1,13,119,12225,0.0000,463,445,59,30750.00,0,4,16
607500,1,108,0,679.17,9500.00,1,1,7,120,45048,0.0000,508,492,59,40750.00,1,4,39
607500,9,82,0,612.30,5800.00,0,1,16,141,42791,0.0000,702,656,72,44085.71,1,4,60
608500,6,51,0,456.48,6100.00,0,0,18,142,34566,0.0000,634,612,72,32866.67,1,4,51
608500,10,52,0,629.32,5100.00,0,1,21,141,38906,0.0000,655,606,72,45311.11,1,4,53
609000,7,65,0,803.33,5650.00,2,3,14,115,25666,0.0000,513,504,58,48200.00,1,4,59
610500,11,60,0,830.20,6000.00,0,0,13,115,23425,0.0000,456,434,60,49811.90,1,4,54
610500,13,58,0,690.83,6000.00,0,0,28,117,39957,0.0000,568,564,60,41450.00,1,4,56
613000,14,36,0,440.00,5100.00,1,1,22,117,29271,0.0000,577,550,59,26400.00,1,4,35
615500,0,33,0,438.54,5600.00,0,0,22,96,18173,0.0000,346,346,48,21050.00,1,4,34
615500,8,36,0,419.44,5100.00,1,1,24,120,29500,0.0000,561,534,59,25166.67,1,4,35
618500,5,43,0,532.18,5100.00,0,0,18,143,31908,0.0000,653,634,72,38316.67,1,4,43
622500,4,37,0,521.67,5100.00,1,1,23,120,24838,0.0000,485,468,59,31300.00,1,4,36
623500,12,42,0,561.11,5750.00,1,1,22,96,22296,0.0000,392,378,47,26933.33,1,4,41
624500,15,36,0,694.44,7000.00,0,0,20,96,19830,0.0000,387,376,48,33333.33,1,4,36
629500,2,25,0,372.50,4000.00,1,2,14,118,16029,0.0000,488,469,59,22350.00,1,4,24
630500,3,27,0,586.46,6250.00,1,1,11,96,13088,0.0000,405,397,47,28150.00,1,4,27
657500,1,93,0,649.72,5000.00,2,2,13,118,43976,0.0000,557,540,58,38983.33,0,4,48
657500,9,51,0,567.51,5100.00,0,0,24,142,44102,0.0000,753,706,72,40860.61,1,4,50
659000,10,44,0,425.38,4227.27,0,0,23,144,35741,0.0000,699,650,72,30627.27,1,4,44
659500,7,35,0,808.06,6750.00,1,1,17,120,25562,0.0000,549,537,59,48483.33,1,4,33
659500,6,34,0,412.50,4000.00,1,1,24,144,35175,0.0000,667,645,71,29700.00,1,4,33
660500,13,38,0,566.67,5100.00,0,0,28,120,38501,0.0000,606,602,60,34000.00,1,4,38
661500,11,34,0,455.00,6400.00,1,1,21,120,24328,0.0000,489,467,59,27300.00,1,4,33
663000,14,40,0,468.89,5000.00,1,1,24,118,33676,0.0000,617,590,59,28133.33,1,4,40
665500,8,36,0,536.11,6100.00,1,1,19,120,27206,0.0000,597,570,59,32166.67,1,4,36
667500,0,30,0,420.83,4500.00,2,2,18,96,16251,0.0000,374,374,46,20200.00,1,4,28
668500,5,54,0,589.45,5100.00,2,2,28,139,48151,0.0000,705,686,70,42440.48,0,4,52
672500,4,55,0,668.33,7000.00,1,1,20,120,28882,0.0000,537,509,59,40100.00,1,4,41
674500,15,29,0,567.36,7500.00,1,2,17,93,16771,0.0000,415,403,47,27233.33,1,4,27
680500,3,43,0,668.06,5000.00,0,0,23,96,26002,0.0000,449,441,48,32066.67,1,4,44
680500,12,17,0,420.83,5000.00,1,1,13,96,11625,0.0000,409,395,47,20200.00,1,4,17
686500,2,59,0,450.18,5000.00,1,1,24,120,38831,0.0000,547,526,59,27010.87,1,4,57
707500,1,41,0,553.33,6500.00,1,1,23,120,34206,0.0000,599,580,59,33200.00,1,4,40
707500,9,67,0,588.89,5600.00,0,1,20,141,51043,0.0000,820,772,72,42400.00,1,4,66
709500,7,38,0,760.74,5500.00,2,3,17,117,27774,0.0000,586,572,58,45644.44,1,4,35
709500,10,51,0,586.34,5600.00,0,0,16,144,39248,0.0000,750,701,72,42216.67,1,4,51
710500,6,45,0,545.14,5100.00,1,1,16,144,37467,0.0000,712,690,71,39250.00,1,4,45
711500,11,41,0,745.83,6500.00,1,1,20,117,27780,0.0000,530,508,59,44750.00,1,4,41
711500,13,47,0,516.67,7100.00,1,1,21,120,35599,0.0000,652,647,59,31000.00,1,4,45
713000,14,35,0,550.83,7000.00,1,2,16,116,28508,0.0000,652,625,59,33050.00,0,4,35
715500,8,51,0,756.11,5500.00,1,1,22,120,37983,0.0000,647,619,59,45366.67,1,4,49
718500,5,59,0,491.74,5538.46,1,1,23,140,52223,0.0000,765,745,71,35405.13,0,4,59
724500,15,59,0,917.11,5100.00,0,2,18,90,29190,0.0000,474,461,48,44021.43,1,4,58
724500,4,62,0,628.33,4966.67,1,1,18,120,33880,0.0000,599,564,59,37700.00,1,4,55
725500,0,39,0,582.99,5333.33,1,1,8,96,14576,0.0000,413,409,47,27983.33,1,4,35
731500,3,43,0,677.60,8800.00,0,0,18,96,24878,0.0000,491,477,48,32525.00,1,4,36
736500,2,19,0,336.67,4000.00,3,3,12,120,12879,0.0000,564,543,57,20200.00,1,4,17
746500,12,49,0,777.08,6700.00,1,1,20,96,25640,0.0000,458,443,47,37300.00,1,4,48
757500,1,34,0,546.94,5100.00,0,1,17,117,31045,0.0000,634,615,60,32816.67,1,4,35
757500,9,37,0,531.25,6500.00,1,1,19,144,36273,0.0000,856,807,71,38250.00,1,4,35
759500,7,40,0,504.46,7800.00,1,1,17,117,30920,0.0000,627,613,59,30267.42,0,4,41
760500,6,33,0,368.52,4000.00,0,0,16,141,33281,0.0000,746,724,72,26533.33,0,4,34
760500,10,24,0,325.00,3300.00,1,1,14,144,25651,0.0000,773,723,71,23400.00,1,4,22
761500,11,39,0,446.67,8000.00,0,1,19,117,27398,0.0000,570,548,60,26800.00,1,4,40
761500,13,50,0,542.78,5000.00,1,1,18,120,37492,0.0000,702,697,59,32566.67,1,4,50
764500,14,43,0,473.33,4000.00,1,1,21,120,38105,0.0000,695,668,59,28400.00,1,4,43
768500,5,47,0,501.39,4100.00,1,1,22,144,49122,0.0000,812,792,71,36100.00,1,4,47
771500,8,30,0,611.67,6700.00,2,2,14,120,26668,0.0000,676,648,58,36700.00,1,4,29
774500,15,25,0,500.69,7333.33,1,1,18,94,19395,0.0000,498,485,47,24033.33,1,4,24
774500,4,17,0,626.67,6100.00,0,0,8,119,13185,0.0000,617,582,60,37600.00,0,4,18
778500,0,20,0,408.33,3500.00,1,1,13,96,12592,0.0000,433,428,47,19600.00,1,4,19
781500,3,20,0,311.46,5100.00,1,2,10,93,14101,0.0000,510,496,47,14950.00,1,4,19
786500,2,31,0,557.50,5000.00,0,0,17,120,23532,0.0000,597,575,60,33450.00,1,4,32
797000,12,35,0,760.42,6000.00,0,0,22,96,25872,0.0000,494,479,48,36500.00,1,4,36
807500,1,65,0,712.12,6600.00,1,1,18,120,43764,0.0000,695,669,59,42727.27,1,4,54
808500,9,45,0,439.35,4600.00,1,1,22,144,49687,0.0000,901,846,71,31633.33,1,4,39
809500,7,32,0,616.11,6100.00,1,1,18,119,30207,0.0000,659,645,59,36966.67,1,4,32
810500,10,50,0,481.48,4300.00,0,0,21,142,47913,0.0000,823,772,72,34666.67,1,4,49
811000,6,34,0,445.83,4500.00,0,0,18,143,34014,0.0000,780,757,72,32100.00,0,4,33
811500,13,27,0,367.41,4100.00,1,2,15,117,28444,0.0000,729,724,59,22044.44,1,4,27
812500,11,37,0,611.31,7045.45,0,0,22,120,33440,0.0000,607,585,60,36678.79,1,4,37
814500,14,29,0,448.61,4400.00,1,1,13,119,26672,0.0000,724,696,59,26916.67,1,4,28
818500,5,58,0,741.36,6400.00,1,2,17,138,52501,0.0000,870,849,71,53377.78,1,4,57
821500,8,52,0,833.33,5000.00,2,2,18,115,35597,0.0000,728,697,58,50000.00,0,4,49
824500,4,37,0,607.50,6700.00,1,1,13,118,28136,0.0000,653,617,59,36450.00,1,4,35
824500,15,29,0,672.14,8312.50,0,1,18,93,23502,0.0000,528,515,48,32262.50,1,4,30
829000,0,28,0,431.25,3400.00,0,0,17,96,18249,0.0000,462,457,48,20700.00,1,4,29
831500,3,21,0,481.25,5500.00,2,2,14,94,17187,0.0000,530,516,46,23100.00,0,4,20
837500,2,30,0,461.67,4100.00,0,0,17,120,25973,0.0000,627,605,60,27700.00,1,4,30
847000,12,31,0,525.69,5550.00,1,1,16,93,21727,0.0000,524,509,47,25233.33,1,4,30
857500,1,32,0,395.83,3350.00,1,1,14,119,26618,0.0000,727,695,59,23750.00,0,4,26
858500,9,69,0,577.08,5900.00,1,1,22,144,61156,0.0000,970,909,71,41550.00,1,4,63
859500,7,64,0,733.33,6000.00,1,1,26,118,54773,0.0000,723,707,59,44000.00,1,4,62
860500,10,58,0,379.51,4625.00,2,2,27,144,60053,0.0000,879,828,70,27325.00,1,4,56
861000,6,64,0,482.87,5900.00,0,0,20,142,55020,0.0000,844,815,72,34766.67,1,4,58
861500,13,53,0,846.11,6900.00,0,0,23,118,50360,0.0000,783,778,60,50766.67,1,4,54
862500,11,55,0,815.56,5100.00,1,1,24,119,42881,0.0000,661,638,59,48933.33,0,4,53
864500,14,58,0,597.88,5000.00,1,1,15,117,46111,0.0000,779,748,59,35872.73,1,4,52
868500,5,56,0,596.30,6250.00,0,1,23,142,63158,0.0000,927,905,72,42933.33,1,4,56
871500,8,37,0,708.33,6500.00,1,1,21,120,38006,0.0000,766,734,59,42500.00,1,4,37
874500,4,36,0,500.00,5100.00,1,1,20,120,33730,0.0000,689,653,59,30000.00,1,4,36
877500,15,46,0,655.56,6033.33,1,1,28,96,35976,0.0000,573,560,47,31466.67,1,4,45
884500,0,16,0,379.17,6100.00,1,1,13,96,13034,0.0000,477,472,47,18200.00,1,4,15
887500,2,48,0,595.83,5650.00,1,1,22,120,39610,0.0000,674,650,59,35750.00,1,4,45
890500,3,59,0,839.58,6000.00,1,1,23,96,40974,0.0000,590,575,47,40300.00,1,4,59
902500,12,28,0,524.31,5400.00,1,1,17,96,22541,0.0000,552,537,47,25166.67,1,4,28
907500,1,25,0,472.92,6000.00,1,1,16,119,28330,0.0000,752,720,59,28375.00,1,4,25
908500,9,35,0,588.54,6500.00,0,1,13,140,40837,0.0000,1006,945,72,42375.00,0,4,36
909500,7,43,0,677.22,5000.00,0,1,20,119,44503,0.0000,767,751,60,40633.33,1,4,44
910500,10,62,0,584.90,4800.00,1,2,25,140,61121,0.0000,942,888,71,42112.50,1,4,60
911000,6,51,0,509.26,4500.00,1,1,23,141,55347,0.0000,894,863,71,36666.67,1,4,48
911500,13,40,0,555.83,7333.33,2,2,18,117,41477,0.0000,821,816,58,33350.00,1,4,38
912500,11,60,0,733.89,5100.00,1,1,22,117,52084,0.0000,721,698,59,44033.33,0,4,60
914500,14,36,0,518.15,6500.00,1,1,19,120,37616,0.0000,815,784,59,31088.89,1,4,36
919000,5,51,0,860.42,6750.00,0,0,17,142,50131,0.0000,978,956,72,61950.00,0,4,51
923500,8,31,0,676.67,6700.00,2,2,14,120,29176,0.0000,796,764,58,40600.00,1,4,30
924500,4,36,0,574.17,5150.00,2,2,18,119,32867,0.0000,724,688,58,34450.00,0,4,35
931500,15,31,0,679.17,5000.00,1,1,16,96,26011,0.0000,604,591,47,32600.00,1,4,31
935500,0,32,0,622.92,6000.00,1,1,18,96,21958,0.0000,509,504,47,29900.00,1,4,32
938500,2,71,0,774.17,5500.00,1,1,16,120,44193,0.0000,734,707,59,46450.00,1,4,57
940500,3,30,0,427.08,5300.00,0,0,15,96,25414,0.0000,621,605,48,20500.00,1,4,30
952500,12,43,0,759.38,6000.00,0,0,16,94,29015,0.0000,596,579,48,36450.00,1,4,42
958000,1,43,0,429.72,5266.67,0,0,22,120,43848,0.0000,796,764,60,25783.33,1,4,44
958500,9,79,0,788.08,5791.67,0,0,19,144,59987,0.0000,1078,1012,72,56741.67,1,4,67
959500,7,29,0,695.00,7333.33,1,1,19,120,35959,0.0000,795,779,59,41700.00,1,4,28
960500,10,38,0,539.43,4625.00,1,1,19,144,44521,0.0000,980,924,71,38839.29,1,4,36
961500,13,58,0,685.51,7583.33,1,1,26,120,64301,0.0000,880,874,59,41130.77,1,4,58
963500,6,29,0,428.47,5000.00,1,1,18,144,37721,0.0000,923,890,71,30850.00,1,4,27
964500,14,48,0,455.56,4100.00,0,0,25,120,55797,0.0000,864,832,60,27333.33,1,4,48
964500,11,30,0,831.39,6100.00,1,1,20,120,33481,0.0000,751,728,59,49883.33,1,4,30
969000,5,42,0,460.88,5100.00,1,1,20,141,56584,0.0000,1019,997,71,33183.33,1,4,41
973500,8,39,0,715.00,6100.00,1,1,15,118,35345,0.0000,836,803,59,42900.00,1,4,39
974500,4,43,0,645.00,5100.00,1,2,16,117,37525,0.0000,768,732,59,38700.00,1,4,44
981500,15,42,0,758.33,6100.00,2,2,21,95,36248,0.0000,645,632,46,36400.00,0,4,41
985500,0,22,0,565.62,6750.00,0,1,14,93,19085,0.0000,532,527,48,27150.00,1,4,23
988500,2,24,0,288.33,3200.00,1,1,15,119,25175,0.0000,758,731,59,17300.00,1,4,24
990500,3,33,0,816.52,8400.00,1,1,14,93,24804,0.0000,653,633,47,39192.86,0,4,28
1002500,12,24,0,473.96,5300.00,1,1,17,94,23031,0.0000,619,602,47,22750.00,1,4,23
1008000,1,35,0,407.41,4000.00,1,1,21,116,42164,0.0000,830,798,59,24444.44,0,4,34
1009000,9,18,0,322.22,5100.00,0,0,12,144,29596,0.0000,1096,1030,72,23200.00,1,4,18
1009500,7,51,0,737.47,4600.00,1,3,16,113,44862,0.0000,846,830,59,44248.02,1,4,51
1010500,10,51,0,570.92,4900.00,1,1,16,142,52008,0.0000,1031,969,71,41106.06,0,4,45
1013500,6,65,0,648.26,4750.00,1,1,21,141,67840,0.0000,987,949,71,46675.00,1,4,59
1014500,14,67,0,779.81,7600.00,0,1,17,119,47818,0.0000,919,878,60,46788.89,1,4,46
1014500,13,23,0,311.67,4000.00,1,1,16,120,31907,0.0000,903,897,59,18700.00,1,4,23
1015500,11,45,0,813.33,5900.00,1,1,20,120,47315,0.0000,796,773,59,48800.00,1,4,45
1019500,5,50,0,498.74,5600.00,0,0,23,143,64115,0.0000,1070,1046,72,35909.52,0,4,49
1023500,8,41,0,488.33,4600.00,1,1,20,119,46946,0.0000,877,844,59,29300.00,0,4,41
1024500,4,39,0,553.33,5700.00,1,1,25,120,46594,0.0000,807,771,59,33200.00,1,4,39
1032500,15,27,0,463.54,6550.00,1,1,18,96,28445,0.0000,673,658,47,22250.00,1,4,26
1035500,0,34,0,672.66,6437.50,0,1,22,93,29914,0.0000,566,561,48,32287.50,1,4,34
1038500,2,38,0,656.67,6100.00,0,0,16,120,34549,0.0000,797,769,60,39400.00,1,4,38
1040500,3,30,0,466.41,5600.00,1,1,17,96,27891,0.0000,683,663,47,22387.50,1,4,30
1052500,12,34,0,446.53,5750.00,0,0,21,94,33454,0.0000,654,636,48,21433.33,1,4,34
1058000,1,30,0,481.67,6600.00,0,0,22,120,43135,0.0000,861,829,60,28900.00,1,4,31
1059000,9,45,0,497.92,4400.00,0,0,22,144,68431,0.0000,1141,1075,72,35850.00,1,4,45
1059500,7,36,0,792.22,6000.00,0,0,16,120,40840,0.0000,883,867,60,47533.33,1,4,37
1063500,6,54,0,595.14,5500.00,1,2,23,141,69446,0.0000,1041,1003,71,42850.00,1,4,54
1064500,10,53,0,565.67,4928.57,2,2,27,144,71745,0.0000,1083,1019,70,40728.57,1,4,50
1065500,11,19,0,403.33,7100.00,1,1,13,120,23503,0.0000,815,792,59,24200.00,1,4,19
1065500,14,50,0,505.00,4500.00,1,1,19,120,56856,0.0000,968,927,59,30300.00,1,4,49
1070000,5,61,0,572.22,5100.00,0,0,24,142,86136,0.0000,1131,1107,72,41200.00,1,4,61
1070500,13,63,0,638.33,5250.00,1,1,21,120,70792,0.0000,966,959,59,38300.00,1,4,62
1074500,4,45,0,875.00,7100.00,1,1,13,118,42244,0.0000,852,816,59,52500.00,0,4,45
1074500,8,31,0,523.33,6100.00,1,1,21,120,43904,0.0000,908,875,59,31400.00,1,4,31
1082500,15,19,0,491.67,8100.00,0,0,8,93,16722,0.0000,693,678,48,23600.00,1,4,20
1086000,0,26,0,488.89,5166.67,0,0,16,95,22394,0.0000,592,587,48,23466.67,1,4,26
1088500,2,83,0,653.24,5600.00,2,2,20,117,59705,0.0000,870,826,58,39194.44,1,4,57
1090500,3,58,0,881.13,7500.00,1,2,16,91,44922,0.0000,741,721,47,42294.44,0,4,58
1102500,12,29,0,561.46,5100.00,0,1,17,93,29282,0.0000,683,665,48,26950.00,1,4,29
1108500,1,96,0,597.50,6700.00,1,1,21,120,73961,0.0000,932,894,59,35850.00,1,4,70
1109500,9,77,0,655.90,5900.00,0,0,22,144,84362,0.0000,1210,1141,72,47225.00,1,4,66
1112500,7,103,0,1083.61,9200.00,1,1,18,120,74463,0.0000,977,951,59,65016.67,1,4,84
1115500,14,72,0,814.44,6900.00,1,1,18,117,78838,0.0000,1040,999,59,48866.67,1,4,72
1118500,10,52,0,675.46,5900.00,1,1,24,144,68328,0.0000,1136,1072,71,48633.33,1,4,53
1120500,5,65,0,630.21,6100.00,1,1,25,143,86454,0.0000,1195,1167,71,45375.00,1,4,60
1121500,11,68,0,983.89,10200.00,1,1,18,120,61333,0.0000,883,860,59,59033.33,1,4,68
1121500,6,56,0,629.63,4900.00,1,1,19,144,65178,0.0000,1097,1059,71,45333.33,1,4,56
1122500,13,79,0,576.61,4000.00,1,1,23,120,80523,0.0000,1045,1029,59,34596.67,1,4,70
1124500,4,29,0,462.50,6100.00,1,1,17,120,36626,0.0000,881,845,59,27750.00,1,4,29
1124500,8,38,0,573.89,6000.00,2,3,19,115,45491,0.0000,945,911,58,34433.33,1,4,36
1132500,15,74,0,950.17,11200.00,0,0,23,96,51339,0.0000,767,752,48,45608.33,1,4,74
1138500,2,51,0,660.14,7166.67,1,1,21,120,50942,0.0000,912,868,59,39608.33,1,4,42
1138500,0,34,0,520.83,4500.00,1,1,18,96,28414,0.0000,625,620,47,25000.00,1,4,33
1140500,3,28,0,980.21,11000.00,0,0,20,96,36087,0.0000,770,750,48,47050.00,1,4,29
1152500,12,47,0,843.06,6700.00,1,1,21,96,40722,0.0000,729,711,47,40466.67,1,4,46
1158500,1,48,0,655.83,7200.00,0,0,26,120,62393,0.0000,980,940,60,39350.00,1,4,46
1160500,9,55,0,683.33,5200.00,1,1,19,144,74794,0.0000,1264,1194,71,49200.00,1,4,53
1162500,7,36,0,600.00,6000.00,1,1,15,118,42688,0.0000,1013,986,59,36000.00,1,4,35
1165500,14,58,0,810.49,6700.00,1,1,20,118,71041,0.0000,1098,1057,59,48629.17,1,4,58
1168500,10,60,0,668.98,5166.67,1,1,25,144,79349,0.0000,1196,1132,71,48166.67,1,4,60
1170500,5,57,0,704.17,5100.00,2,2,20,144,79923,0.0000,1251,1222,70,50700.00,1,4,55
1172500,13,58,0,720.56,5433.33,1,1,18,120,65875,0.0000,1103,1086,59,43233.33,1,4,57
1172500,11,28,0,531.67,5000.00,1,1,15,120,33322,0.0000,911,887,59,31900.00,1,4,27
1172500,6,74,0,630.56,4600.00,1,1,26,144,95398,0.0000,1171,1132,71,45400.00,1,4,73
1174500,8,40,0,648.48,6100.00,1,1,17,120,41116,0.0000,985,947,59,38908.97,1,4,36
1174500,4,25,0,520.00,6000.00,1,1,18,120,36941,0.0000,906,870,59,31200.00,1,4,25
1188500,2,44,0,505.00,5000.00,1,1,23,120,56271,0.0000,956,911,59,30300.00,1,4,43
1189500,15,13,0,318.75,5300.00,1,1,9,96,15179,0.0000,779,764,47,15300.00,1,4,12
1190500,0,23,0,515.62,7000.00,1,1,15,96,22145,0.0000,648,642,47,24750.00,1,4,22
1191500,3,22,0,381.25,5100.00,1,1,14,96,25892,0.0000,791,771,47,18300.00,1,4,21
1205500,12,18,0,508.33,5100.00,1,1,12,96,20910,0.0000,747,729,47,24400.00,1,4,18
1208500,1,57,0,580.74,5100.00,0,1,19,117,64751,0.0000,1037,996,60,34844.44,1,4,56
1211000,9,41,0,382.99,5100.00,1,1,21,142,66932,0.0000,1305,1235,71,27575.00,1,4,41
1215500,14,16,0,351.67,5250.00,0,1,11,116,28756,0.0000,1115,1074,60,21100.00,0,4,17
1218500,10,26,0,350.00,5300.00,2,2,14,144,44647,0.0000,1221,1157,70,25200.00,1,4,25
1220500,7,32,0,388.33,5100.00,1,1,18,120,40970,0.0000,1045,1018,59,23300.00,1,4,32
1221500,5,54,0,520.37,4200.00,1,1,25,144,90122,0.0000,1306,1277,71,37466.67,1,4,55
1222500,11,26,0,379.44,6100.00,1,1,15,117,35978,0.0000,937,912,59,22766.67,0,4,25
1224500,8,42,0,579.86,6100.00,1,1,21,118,54135,0.0000,1027,989,59,34791.67,1,4,42
1224500,4,45,0,494.76,6000.00,2,3,17,117,46378,0.0000,950,914,58,29685.71,1,4,44
1228500,13,22,0,470.00,4500.00,1,1,14,120,37359,0.0000,1125,1108,59,28200.00,1,4,22
1228500,6,28,0,323.61,3700.00,1,1,15,144,46993,0.0000,1199,1159,71,23300.00,1,4,27
1238500,2,32,0,272.78,3600.00,1,1,16,117,40799,0.0000,988,942,59,16366.67,0,4,31
1240500,0,25,0,504.17,5500.00,0,0,16,96,27544,0.0000,674,668,48,24200.00,1,4,26
1241500,3,30,0,508.33,5100.00,0,0,14,96,29967,0.0000,822,802,48,24400.00,1,4,31
1248500,15,24,0,558.33,7600.00,1,1,17,96,31104,0.0000,803,788,47,26800.00,1,4,24
1256500,12,28,0,553.47,4666.67,1,1,17,96,30466,0.0000,775,757,47,26566.67,1,4,28
1258500,1,21,0,476.11,5400.00,1,1,14,119,32167,0.0000,1057,1015,59,28566.67,1,4,19
1263500,9,39,0,466.78,4100.00,1,1,20,144,64001,0.0000,1344,1274,71,33608.33,1,4,39
1265500,14,23,0,310.74,4100.00,0,1,19,117,45565,0.0000,1138,1097,60,18644.44,1,4,23
1268500,10,49,0,392.03,3500.00,0,2,15,137,63657,0.0000,1272,1206,72,28226.32,1,4,49
1270500,7,28,0,398.33,5200.00,1,1,15,120,40255,0.0000,1073,1046,59,23900.00,1,4,28
1271500,5,63,0,539.81,4866.67,3,3,27,140,104475,0.0000,1367,1338,69,38866.67,1,4,61
1273500,11,43,0,612.38,6200.00,0,0,23,120,55040,0.0000,981,955,60,36742.86,1,4,43
1274500,4,43,0,500.56,3833.33,2,2,17,117,45686,0.0000,992,949,58,30033.33,1,4,35
1275500,8,25,0,515.83,4833.33,1,1,15,120,37139,0.0000,1052,1014,59,30950.00,1,4,25
1278500,6,69,0,510.19,4500.00,1,1,24,140,89202,0.0000,1268,1219,71,36733.33,1,4,60
1279500,13,34,0,384.17,4250.00,1,1,17,120,56256,0.0000,1159,1141,59,23050.00,1,4,33
1290500,0,33,0,583.23,6000.00,1,1,20,94,33509,0.0000,706,700,47,27995.24,1,4,32
1296500,2,39,0,482.08,5375.00,1,1,21,120,52847,0.0000,1027,980,59,28925.00,1,4,38
1298500,15,19,0,420.83,5100.00,0,0,11,96,24777,0.0000,823,808,48,20200.00,1,4,20
1299500,3,18,0,293.75,4600.00,1,1,14,96,23535,0.0000,839,819,47,14100.00,1,4,17
1306500,12,33,0,594.68,6944.44,0,1,12,93,33272,0.0000,809,791,48,28544.44,1,4,34
1312500,1,34,0,433.06,5500.00,1,1,16,120,47477,0.0000,1091,1049,59,25983.33,1,4,34
1313500,9,66,0,821.76,5500.00,1,1,18,142,86628,0.0000,1410,1339,71,59166.67,1,4,65
1315500,14,43,0,549.74,5884.62,1,1,22,118,63788,0.0000,1180,1138,59,32984.62,1,4,41
1318500,10,113,0,659.47,5200.00,2,2,11,140,107590,0.0000,1331,1265,70,47481.82,0,4,64
1320500,7,32,0,505.71,5750.00,1,2,16,115,46710,0.0000,1105,1078,59,30342.86,0,4,32
1321500,5,75,0,741.74,5500.00,2,2,20,137,101520,0.0000,1443,1413,70,53405.13,1,4,75
1324000,11,39,0,534.44,5666.67,1,1,18,118,48624,0.0000,1019,992,59,32066.67,0,4,37
1325500,4,51,0,661.31,5500.00,1,1,23,120,65347,0.0000,1044,998,59,39678.43,1,4,49
1327500,8,42,0,615.00,6100.00,1,1,21,120,59198,0.0000,1094,1056,59,36900.00,1,4,42
1328500,6,84,0,745.60,6000.00,1,1,21,142,100115,0.0000,1346,1286,71,53683.33,1,4,67
1330500,13,41,0,616.39,5350.00,0,0,22,120,72073,0.0000,1201,1183,60,36983.33,1,4,42
1340500,0,39,0,652.52,5687.50,0,0,18,95,36682,0.0000,746,740,48,31320.83,0,4,40
1348500,2,53,0,668.47,7000.00,1,1,20,120,63519,0.0000,1080,1033,59,40108.33,1,4,53
1349500,15,22,0,400.00,6600.00,1,1,13,96,27050,0.0000,844,829,47,19200.00,1,4,21
1349500,3,19,0,491.32,6250.00,1,1,13,96,26535,0.0000,858,838,47,23583.33,1,4,19
1359500,12,16,0,420.83,7000.00,1,1,15,96,23153,0.0000,824,806,47,20200.00,1,4,15
1362500,1,52,0,497.48,6000.00,1,1,15,118,62488,0.0000,1143,1099,59,29849.02,1,4,50
1363500,9,62,0,726.62,5400.00,0,1,23,141,108343,0.0000,1473,1401,72,52316.67,1,4,62
1365500,14,26,0,554.56,8100.00,1,1,12,118,42606,0.0000,1206,1164,59,33273.81,1,4,26
1368500,10,123,0,643.06,7100.00,1,1,5,142,104521,0.0000,1386,1313,71,46300.00,1,4,48
1370500,7,29,0,565.80,5562.50,0,1,15,115,44772,0.0000,1135,1108,60,33948.21,1,4,30
1371500,5,43,0,627.78,5250.00,1,1,26,143,93222,0.0000,1487,1457,71,45200.00,0,4,44
1374000,11,24,0,599.76,6285.71,0,0,13,119,38143,0.0000,1044,1017,60,35985.71,0,4,25
1376500,4,53,0,450.00,5600.00,1,1,28,120,78970,0.0000,1097,1051,59,27000.00,1,4,53
1377500,8,45,0,615.28,5900.00,1,1,20,116,61472,0.0000,1139,1101,59,36916.67,0,4,45
1378500,6,49,0,681.94,5666.67,0,0,21,142,86497,0.0000,1396,1335,72,49100.00,0,4,49
1380500,13,31,0,530.00,6000.00,1,1,18,119,55115,0.0000,1231,1213,59,31800.00,0,4,30
1390500,0,39,0,502.95,5475.00,1,1,19,95,39493,0.0000,784,777,47,24141.67,1,4,37
1398500,2,32,0,483.89,6000.00,0,1,20,117,53544,0.0000,1113,1066,60,29033.33,1,4,33
1402500,15,35,0,539.58,5700.00,1,1,21,96,44936,0.0000,879,864,47,25900.00,1,4,35
1405500,3,26,0,509.38,5600.00,1,1,21,96,39190,0.0000,884,864,47,24450.00,1,4,26
1410000,12,30,0,588.19,6000.00,0,0,19,96,40336,0.0000,855,837,48,28233.33,1,4,31
1412500,1,24,0,346.46,5100.00,0,0,17,119,45551,0.0000,1168,1124,60,20787.50,0,4,25
1413500,9,69,0,621.99,5150.00,0,0,23,142,108750,0.0000,1542,1460,72,44783.33,1,4,59
1416500,14,35,0,450.21,4000.00,1,1,22,120,62627,0.0000,1241,1198,59,27012.50,1,4,34
1418500,10,49,0,504.86,4250.00,1,1,17,144,81707,0.0000,1435,1362,71,36350.00,1,4,49
1421500,5,62,0,583.60,4300.00,1,1,18,142,96624,0.0000,1549,1515,71,42019.05,1,4,58
1421500,7,54,0,638.96,6100.00,0,0,25,120,77111,0.0000,1189,1156,60,38337.50,1,4,48
1425500,11,52,0,556.67,5900.00,1,1,21,120,60327,0.0000,1095,1061,59,33400.00,1,4,44
1427000,4,80,0,750.00,6000.00,0,0,17,117,80166,0.0000,1172,1116,60,45000.00,0,4,65
1428500,6,53,0,570.60,4500.00,0,0,27,142,97963,0.0000,1449,1388,72,41083.33,0,4,53
1431500,13,38,0,433.33,4100.00,0,0,26,120,77678,0.0000,1270,1251,60,26000.00,1,4,38
1432500,8,34,0,503.47,4500.00,1,1,20,120,55963,0.0000,1173,1134,59,30208.33,1,4,33
1446500,0,31,0,791.67,8000.00,1,1,12,96,30990,0.0000,815,808,47,38000.00,1,4,31
1450500,2,34,0,521.67,4500.00,1,1,23,120,58469,0.0000,1146,1098,59,31300.00,1,4,32
1452500,15,16,0,408.33,5000.00,0,0,11,96,23581,0.0000,896,881,48,19600.00,1,4,17
1455500,3,17,0,389.58,7100.00,1,1,14,96,27080,0.0000,901,881,47,18700.00,1,4,17
1460000,12,17,0,422.22,4000.00,1,1,12,95,21963,0.0000,871,852,47,20266.67,1,4,15
1462500,1,36,0,428.61,5100.00,1,1,20,120,54775,0.0000,1203,1159,59,25716.67,1,4,35
1463500,9,54,0,420.45,4433.33,1,2,21,141,99412,0.0000,1595,1513,71,30272.22,1,4,53
1467500,14,32,0,538.33,6600.00,0,0,22,120,66876,0.0000,1274,1231,60,32300.00,1,4,33
1468500,10,47,0,427.78,5000.00,0,0,20,142,81871,0.0000,1483,1410,72,30800.00,1,4,48
1471500,7,27,0,451.67,5900.00,1,1,13,120,40945,0.0000,1215,1182,59,27100.00,1,4,26
1472500,5,54,0,519.87,5100.00,1,1,23,144,111133,0.0000,1603,1569,71,37430.77,1,4,54
1475500,11,44,0,634.17,5600.00,1,1,19,118,63939,0.0000,1139,1105,59,38050.00,1,4,44
1477000,4,36,0,621.81,6500.00,1,2,16,119,52086,0.0000,1207,1150,59,37308.33,1,4,34
1478500,6,73,0,578.24,4900.00,1,1,21,141,100896,0.0000,1520,1451,71,41633.33,0,4,63
1482500,8,31,0,685.56,6500.00,1,1,15,118,49480,0.0000,1204,1165,59,41133.33,1,4,31
1485500,13,43,0,460.83,5100.00,1,1,23,120,80170,0.0000,1312,1293,59,27650.00,1,4,42
1496500,0,30,0,872.22,7500.00,0,0,15,94,37918,0.0000,846,839,48,41866.67,1,4,31
1500500,2,49,0,619.05,5100.00,2,3,19,118,65027,0.0000,1194,1145,58,37142.86,1,4,47
1502500,15,20,0,433.80,5000.00,0,1,12,93,28502,0.0000,916,901,48,20822.22,1,4,20
1505500,3,35,0,641.77,6000.00,1,1,12,94,41311,0.0000,936,916,47,30804.76,1,4,35
1510000,12,25,0,663.37,6500.00,0,0,16,94,31072,0.0000,897,878,48,31841.67,1,4,26
1512500,1,51,0,588.61,5000.00,1,1,20,119,76979,0.0000,1254,1209,59,35316.67,1,4,50
1514500,9,45,0,541.20,5500.00,1,1,27,144,104478,0.0000,1640,1558,71,38966.67,1,4,45
1518500,14,21,0,378.33,4500.00,1,1,10,119,34762,0.0000,1294,1251,59,22700.00,0,4,20
1518500,10,24,0,368.75,3500.00,2,3,13,142,45432,0.0000,1505,1431,70,26550.00,1,4,21
1522500,7,57,0,905.56,5400.00,0,0,18,119,81245,0.0000,1273,1240,60,54333.33,0,4,58
1523500,5,63,0,689.12,5200.00,0,0,19,144,110654,0.0000,1667,1633,72,49616.67,1,4,64
1525500,11,51,0,796.53,6400.00,0,0,21,119,66809,0.0000,1191,1154,60,47791.67,1,4,49
1527000,4,55,0,676.42,6200.00,1,1,20,117,80237,0.0000,1262,1204,59,40585.32,0,4,54
1528500,6,54,0,552.94,4100.00,1,1,22,143,101938,0.0000,1572,1501,71,39811.90,1,4,50
1532500,8,54,0,791.43,5700.00,0,0,18,117,70182,0.0000,1256,1215,60,47485.71,1,4,50
1538500,13,44,0,416.25,4000.00,1,1,17,120,68370,0.0000,1356,1335,59,24975.00,1,4,42
1546500,0,31,0,822.22,7500.00,0,0,22,96,44490,0.0000,877,870,48,39466.67,1,4,31
1550500,2,51,0,624.62,5100.00,1,1,15,119,64218,0.0000,1246,1194,59,37476.92,1,4,49
1553500,15,41,0,647.98,7136.36,1,1,23,96,51654,0.0000,956,941,47,31103.03,1,4,40
1556500,3,35,0,534.72,4800.00,1,1,16,96,42890,0.0000,971,951,47,25666.67,1,4,35
1561500,12,31,0,644.44,5500.00,1,1,10,96,26828,0.0000,927,907,47,30933.33,1,4,29
1563000,1,51,0,703.33,6300.00,0,0,25,120,84089,0.0000,1306,1261,60,42200.00,1,4,52
1564500,9,101,0,563.73,5200.00,2,3,13,137,121437,0.0000,1740,1646,70,40588.89,1,4,88
1568500,14,59,0,739.44,6000.00,1,1,23,116,93560,0.0000,1353,1310,59,44366.67,1,4,59
1568500,10,108,0,856.37,5300.00,1,1,20,142,137636,0.0000,1610,1521,71,61658.33,1,4,90
1573500,5,60,0,354.75,4208.33,1,1,26,142,119598,0.0000,1726,1692,71,25541.67,1,4,59
1573500,7,45,0,592.50,5800.00,1,1,15,120,68116,0.0000,1315,1281,59,35550.00,1,4,41
1576000,11,86,0,1131.39,6700.00,0,0,21,117,94660,0.0000,1274,1236,60,67883.33,0,4,82
1577000,4,45,0,692.60,6125.00,1,2,18,119,62475,0.0000,1306,1247,59,41556.25,1,4,43
1578500,6,49,0,644.54,7100.00,2,2,21,142,100666,0.0000,1620,1549,70,46407.14,1,4,48
1582500,8,40,0,667.82,6035.71,1,1,23,119,75259,0.0000,1295,1254,59,40069.05,1,4,39
1589500,13,61,0,719.72,6900.00,0,0,27,120,108065,0.0000,1418,1397,60,43183.33,1,4,62
1597500,0,58,0,916.67,6000.00,1,1,19,96,58413,0.0000,933,924,47,44000.00,1,4,54
1601500,2,36,0,426.11,4600.00,1,1,13,120,49818,0.0000,1282,1230,59,25566.67,1,4,36
1603500,15,35,0,730.56,7000.00,0,0,14,93,46025,0.0000,992,976,48,35066.67,0,4,35
1606500,3,25,0,487.50,6600.00,1,1,14,96,35725,0.0000,996,976,47,23400.00,1,4,25
1611500,12,38,0,558.33,6850.00,0,0,17,94,50075,0.0000,966,946,48,26800.00,1,4,39
1613000,1,74,0,636.11,6400.00,0,0,20,120,88141,0.0000,1379,1324,60,38166.67,1,4,63
1614500,9,65,0,663.79,4900.00,1,1,17,142,115910,0.0000,1806,1710,71,47792.56,1,4,64
1619000,10,64,0,674.54,7000.00,0,0,23,144,115021,0.0000,1675,1585,72,48566.67,1,4,64
1619500,14,70,0,718.61,7600.00,1,1,26,120,104492,0.0000,1419,1373,59,43116.67,1,4,63
1623500,7,64,0,727.22,6100.00,1,1,20,116,88830,0.0000,1378,1335,59,43633.33,0,4,54
1623500,5,56,0,611.86,5687.50,3,3,16,140,108236,0.0000,1779,1740,69,44054.17,0,4,48
1626000,11,52,0,636.46,5187.50,2,2,16,115,71729,0.0000,1324,1286,58,38187.50,1,4,50
1627000,4,49,0,821.81,7100.00,1,1,17,117,71250,0.0000,1354,1294,59,49308.33,0,4,47
1628500,6,46,0,493.71,4500.00,0,2,21,136,87816,0.0000,1668,1595,72,35547.12,0,4,46
1632500,8,59,0,780.83,5750.00,1,1,18,119,83369,0.0000,1354,1309,59,46850.00,1,4,55
1639500,13,66,0,807.87,6300.00,1,1,20,117,107244,0.0000,1483,1459,59,48472.22,0,4,62
1647500,0,38,0,629.51,7466.67,1,1,21,94,54765,0.0000,971,962,47,30216.67,1,4,38
1651500,2,47,0,494.17,4000.00,0,1,24,117,84061,0.0000,1330,1277,60,29650.00,1,4,47
1653500,15,24,0,444.79,5000.00,1,1,14,94,36533,0.0000,1015,999,47,21350.00,1,4,23
1657000,3,32,0,592.36,5333.33,0,0,21,96,51685,0.0000,1029,1009,48,28433.33,1,4,33
1661500,12,28,0,570.57,6687.50,1,2,18,94,41212,0.0000,993,972,47,27387.50,1,4,26
1663000,1,55,0,521.53,4200.00,1,1,19,118,86421,0.0000,1433,1377,59,31291.67,1,4,53
1664500,9,72,0,696.30,7100.00,0,0,19,144,124187,0.0000,1879,1780,72,50133.33,1,4,70
1669000,10,81,0,591.81,5160.00,0,0,22,143,146410,0.0000,1756,1665,72,42610.00,0,4,80
1670500,14,58,0,677.78,6066.67,0,0,24,120,103816,0.0000,1478,1431,60,40666.67,1,4,58
1674500,7,56,0,588.33,5100.00,1,1,22,120,92709,0.0000,1434,1391,59,35300.00,1,4,56
1676500,5,102,0,712.10,5500.00,2,2,24,144,144296,0.0000,1877,1815,70,51271.43,1,4,75
1676500,11,36,0,491.94,5100.00,1,1,23,120,69096,0.0000,1361,1323,59,29516.67,1,4,37
1677000,4,30,0,576.46,5800.00,1,1,21,117,62757,0.0000,1384,1322,59,34587.50,1,4,28
1678500,6,81,0,754.96,4500.00,0,0,16,141,115811,0.0000,1749,1669,72,54357.14,1,4,74
1682500,8,35,0,542.50,6400.00,1,1,13,117,52931,0.0000,1389,1340,59,32550.00,1,4,31
1689500,13,55,0,544.58,6100.00,1,1,20,118,101093,0.0000,1538,1514,59,32675.00,1,4,55
1697500,0,49,0,980.29,8000.00,0,0,24,95,68044,0.0000,1021,1012,48,47053.85,1,4,50
1701500,2,50,0,733.47,5500.00,2,2,27,120,92368,0.0000,1378,1324,58,44008.33,1,4,47
1706500,15,45,0,780.21,6000.00,1,1,19,96,60323,0.0000,1060,1044,47,37450.00,1,4,45
1707000,3,25,0,466.67,3500.00,0,0,13,95,36796,0.0000,1054,1034,48,22400.00,1,4,25
1711500,12,61,0,818.71,6000.00,1,1,16,96,58006,0.0000,1054,1027,47,39298.04,1,4,55
1713000,1,135,0,527.36,5000.00,1,1,1,120,138477,0.0000,1473,1414,59,31641.67,1,4,42
1714500,9,27,0,459.72,5000.00,2,2,15,144,68117,0.0000,1904,1805,70,33100.00,1,4,25
1719500,10,47,0,521.76,4000.00,1,1,16,144,79106,0.0000,1802,1700,71,37566.67,1,4,35
1722500,14,71,0,619.17,4500.00,2,2,20,120,108658,0.0000,1543,1495,58,37150.00,1,4,64
1725500,7,26,0,472.22,4500.00,0,0,12,120,47801,0.0000,1461,1418,60,28333.33,1,4,27
1726500,5,39,0,439.47,4900.00,1,2,15,139,84357,0.0000,1917,1855,71,31641.67,1,4,40
1726500,11,45,0,612.22,5500.00,1,1,22,120,73883,0.0000,1405,1364,59,36733.33,1,4,41
1728500,6,40,0,565.97,5000.00,0,1,20,141,97936,0.0000,1789,1709,72,40750.00,1,4,40
1728500,4,62,0,938.06,6900.00,0,0,15,120,89513,0.0000,1446,1383,60,56283.33,1,4,61
1732500,8,58,0,873.33,6500.00,1,1,18,120,94784,0.0000,1447,1398,59,52400.00,1,4,58
1739500,13,44,0,522.76,6050.00,0,0,26,120,99825,0.0000,1583,1559,60,31365.38,1,4,45
1751500,2,42,0,506.67,5100.00,0,0,19,116,71255,0.0000,1422,1366,60,30400.00,1,4,42
1752500,0,23,0,443.40,7850.00,1,1,14,96,32790,0.0000,1043,1034,47,21283.33,1,4,22
1757500,3,18,0,431.25,7100.00,1,1,13,96,29198,0.0000,1071,1051,47,20700.00,1,4,17
1761500,12,36,0,625.00,7000.00,1,1,18,94,54399,0.0000,1090,1063,47,30000.00,1,4,36
1761500,15,36,0,701.04,6500.00,1,1,22,96,58383,0.0000,1096,1080,47,33650.00,1,4,36
1763500,1,110,0,641.67,7100.00,0,0,10,120,133561,0.0000,1523,1464,60,38500.00,1,4,50
1764500,9,67,0,608.80,5133.33,1,1,21,143,125177,0.0000,1972,1867,71,43833.33,0,4,62
1769500,10,60,0,600.69,4100.00,0,0,21,142,122671,0.0000,1863,1759,72,43250.00,1,4,59
1772500,14,49,0,497.22,4000.00,0,0,24,120,100513,0.0000,1594,1545,60,29833.33,1,4,50
1776500,5,60,0,534.69,6100.00,1,1,24,141,124156,0.0000,1977,1905,71,38497.92,1,4,50
1776500,7,19,0,495.00,6100.00,0,0,14,120,44289,0.0000,1480,1437,60,29700.00,1,4,19
1778500,4,47,0,676.67,5600.00,1,1,17,119,70100,0.0000,1492,1420,59,40600.00,0,4,37
1778500,6,33,0,448.61,4600.00,2,2,21,144,86209,0.0000,1820,1740,70,32300.00,1,4,31
1785500,8,32,0,648.33,5100.00,1,1,15,120,59405,0.0000,1479,1430,59,38900.00,1,4,32
1786500,11,34,0,625.00,5100.00,1,1,22,120,74614,0.0000,1439,1397,59,37500.00,1,4,33
1790500,13,41,0,438.33,6300.00,1,1,20,120,94862,0.0000,1623,1599,59,26300.00,1,4,40
1801500,2,46,0,593.33,5100.00,1,1,26,120,88842,0.0000,1467,1411,59,35600.00,1,4,45
1802500,0,35,0,588.19,5100.00,1,1,19,96,53658,0.0000,1078,1069,47,28233.33,1,4,35
1809500,3,11,0,356.25,5100.00,1,1,10,96,22205,0.0000,1082,1062,47,17100.00,1,4,11
1811500,12,25,0,479.43,4600.00,2,2,16,93,42999,0.0000,1114,1087,46,23012.50,0,4,24
1815500,9,60,0,524.31,5166.67,0,0,21,144,125095,0.0000,2032,1919,72,37750.00,1,4,52
1817500,1,38,0,408.33,4500.00,1,1,21,120,78670,0.0000,1560,1501,59,24500.00,1,4,37
1821500,10,32,0,415.28,4100.00,3,3,17,144,79879,0.0000,1892,1788,69,29900.00,1,4,29
1822500,15,18,0,350.00,8100.00,1,1,14,96,34893,0.0000,1114,1098,47,16800.00,1,4,18
1827500,5,45,0,627.78,4600.00,1,1,22,144,119615,0.0000,2022,1950,71,45200.00,1,4,45
1828500,4,34,0,719.17,7500.00,0,1,15,117,61796,0.0000,1527,1455,60,43150.00,1,4,35
1828500,6,74,0,647.31,5300.00,1,1,22,144,138692,0.0000,1895,1812,71,46606.67,1,4,72
1829500,7,55,0,625.56,5300.00,1,1,27,120,103803,0.0000,1534,1491,59,37533.33,1,4,54
1831500,14,19,0,271.67,5000.00,1,1,15,120,51317,0.0000,1612,1563,59,16300.00,1,4,18
1837500,11,26,0,343.33,6500.00,1,1,16,120,55027,0.0000,1465,1423,59,20600.00,1,4,26
1840500,8,31,0,453.89,5800.00,1,1,19,120,69448,0.0000,1510,1461,59,27233.33,1,4,31
1841500,13,22,0,308.33,4300.00,1,1,15,120,57989,0.0000,1645,1620,59,18500.00,1,4,21
1851500,2,28,0,496.67,6000.00,0,0,13,120,57089,0.0000,1496,1440,60,29800.00,1,4,29
1853000,0,25,0,652.08,6100.00,0,0,17,96,44375,0.0000,1104,1094,48,31300.00,1,4,25
1862500,3,29,0,705.56,6300.00,1,1,15,96,39863,0.0000,1111,1091,47,33866.67,1,4,29
1865500,12,14,0,496.88,6750.00,1,1,12,96,28463,0.0000,1129,1101,47,23850.00,1,4,14
1865500,9,30,0,370.83,5300.00,1,1,13,144,75376,0.0000,2060,1947,71,26700.00,1,4,28
1867500,1,23,0,373.33,3100.00,2,2,15,120,52967,0.0000,1582,1523,58,22400.00,1,4,22
1871500,10,29,0,398.61,4000.00,1,1,13,144,72196,0.0000,1923,1819,71,28700.00,1,4,31
1872500,15,40,0,580.90,5833.33,0,1,18,91,55839,0.0000,1155,1139,48,27883.33,0,4,41
1877500,5,55,0,565.97,4600.00,2,2,16,144,118352,0.0000,2075,1995,70,40750.00,1,4,45
1878500,4,36,0,701.02,7111.11,1,2,17,114,66121,0.0000,1562,1490,59,42061.11,0,4,35
1879000,6,33,0,311.81,4250.00,0,0,21,144,98807,0.0000,1929,1846,72,22450.00,1,4,34
1880500,7,32,0,502.50,4600.00,0,0,20,120,72354,0.0000,1567,1524,60,30150.00,1,4,33
1884500,14,42,0,407.22,5000.00,1,1,20,120,83893,0.0000,1654,1603,59,24433.33,1,4,40
1888500,11,49,0,668.33,5000.00,1,1,24,120,95620,0.0000,1514,1471,59,40100.00,1,4,48
1891000,8,47,0,731.94,6300.00,0,0,18,118,83181,0.0000,1558,1508,60,43916.67,1,4,47
1891500,13,75,0,589.72,6050.00,1,1,24,118,135438,0.0000,1718,1684,59,35383.33,0,4,64
1901500,2,39,0,465.83,4250.00,0,1,17,117,72904,0.0000,1535,1477,60,27950.00,1,4,37
1903000,0,26,0,616.67,6100.00,0,0,12,95,38810,0.0000,1130,1120,48,29600.00,1,4,26
1913500,3,42,0,725.00,5600.00,0,0,23,96,73420,0.0000,1154,1134,48,34800.00,1,4,43
1915500,12,67,0,642.01,7000.00,1,1,18,95,77031,0.0000,1196,1158,47,30816.67,1,4,57
1915500,9,54,0,528.94,5400.00,1,2,19,141,124379,0.0000,2114,1999,71,38083.33,1,4,52
1917500,1,59,0,658.49,6100.00,1,1,10,117,80499,0.0000,1635,1573,59,39509.52,1,4,50
1921500,10,57,0,439.02,5142.86,0,1,18,141,123775,0.0000,1981,1872,72,31609.52,1,4,53
1922500,15,20,0,477.08,5100.00,2,2,15,96,37880,0.0000,1173,1157,46,22900.00,1,4,18
1927500,5,105,0,785.88,5850.00,1,1,19,140,165390,0.0000,2177,2082,71,56583.33,0,4,87
1929000,6,75,0,672.02,4600.00,2,3,20,140,143058,0.0000,2002,1918,70,48385.50,1,4,72
1930500,7,23,0,538.33,6100.00,1,1,11,120,39957,0.0000,1589,1546,59,32300.00,1,4,22
1932500,4,48,0,816.94,6000.00,1,1,18,120,89436,0.0000,1610,1537,59,49016.67,1,4,47
1934500,14,60,0,802.92,6700.00,1,1,21,118,116136,0.0000,1714,1663,59,48175.00,0,4,60
1938500,11,30,0,542.50,7100.00,0,0,17,120,71423,0.0000,1545,1502,60,32550.00,1,4,31
1941500,13,54,0,617.50,4100.00,0,0,22,120,124878,0.0000,1773,1736,60,37050.00,1,4,52
1944500,8,32,0,562.50,6700.00,1,1,18,120,73226,0.0000,1589,1539,59,33750.00,1,4,31
1951500,2,43,0,420.10,4100.00,0,0,20,118,86873,0.0000,1578,1518,60,25206.25,1,4,41
1953000,0,37,0,545.29,6000.00,1,1,19,94,55859,0.0000,1166,1156,47,26173.68,1,4,36
1964000,3,32,0,657.29,5250.00,0,0,17,94,55182,0.0000,1186,1166,48,31550.00,1,4,32
1965500,9,68,0,657.64,5500.00,0,0,17,141,133780,0.0000,2182,2059,72,47350.00,1,4,60
1966000,12,30,0,582.64,6166.67,1,1,16,95,50450,0.0000,1226,1188,47,27966.67,1,4,30
1967500,1,48,0,717.78,5700.00,1,1,21,116,106846,0.0000,1683,1621,59,43066.67,0,4,48
1971500,10,63,0,634.90,5100.00,0,1,21,141,131126,0.0000,2044,1933,72,45713.10,0,4,61
1975500,15,25,0,582.64,6000.00,1,1,13,96,43361,0.0000,1199,1183,47,27966.67,1,4,26
1977500,5,48,0,570.14,4100.00,0,0,19,142,134736,0.0000,2226,2131,72,41050.00,0,4,49
1979000,6,48,0,612.73,5000.00,0,0,15,142,110679,0.0000,2052,1967,72,44116.67,0,4,49
1980500,7,40,0,723.06,6600.00,1,1,19,118,84613,0.0000,1629,1586,59,43383.33,1,4,40
1982500,4,48,0,677.92,6600.00,0,0,18,120,90485,0.0000,1659,1583,60,40675.00,1,4,46
1984500,14,51,0,666.51,5000.00,1,1,26,116,121430,0.0000,1765,1714,59,39990.48,1,4,51
1991500,13,44,0,618.33,5100.00,2,2,20,120,94813,0.0000,1815,1778,58,37100.00,1,4,42
1991500,11,38,0,711.11,7600.00,1,1,16,120,71465,0.0000,1582,1539,59,42666.67,1,4,37
2003500,8,61,0,797.92,7600.00,1,1,22,120,109978,0.0000,1650,1599,59,47875.00,1,4,60
2003500,2,74,0,926.39,6000.00,1,1,17,120,95833,0.0000,1640,1572,59,55583.33,1,4,54
2010500,0,33,0,636.55,5600.00,1,1,14,96,51635,0.0000,1199,1189,47,30554.55,1,4,33
2015500,9,53,0,473.50,4000.00,1,1,25,141,146064,0.0000,2234,2111,71,34091.67,1,4,52
2016000,12,25,0,653.12,10500.00,1,2,17,93,49178,0.0000,1251,1213,47,31350.00,1,4,25
2017500,1,43,0,509.37,5428.57,2,2,20,117,90393,0.0000,1725,1663,58,30561.90,1,4,42
2018500,3,20,0,339.58,5700.00,1,1,11,96,30528,0.0000,1202,1181,47,16300.00,1,4,15
2021500,10,66,0,571.02,4600.00,2,2,22,139,131350,0.0000,2107,1990,70,41113.73,0,4,57
2025500,15,23,0,422.92,4000.00,1,1,16,96,46638,0.0000,1222,1206,47,20300.00,1,4,23
2027500,5,53,0,490.67,5100.00,3,3,22,140,131191,0.0000,2276,2177,69,35328.57,1,4,46
2029000,6,63,0,723.53,5500.00,1,2,17,139,127417,0.0000,2109,2023,71,52094.44,1,4,56
2030500,7,30,0,456.11,5500.00,1,2,17,117,67105,0.0000,1655,1611,59,27366.67,1,4,25
2034500,4,36,0,733.33,6000.00,1,1,20,120,83240,0.0000,1694,1618,59,44000.00,1,4,35
2035500,14,56,0,609.38,5600.00,1,1,19,120,113156,0.0000,1821,1769,59,36562.50,1,4,55
2042000,11,18,0,356.67,4100.00,0,0,9,117,40284,0.0000,1601,1558,60,21400.00,1,4,19
2044500,13,33,0,496.67,4100.00,1,1,18,120,84379,0.0000,1849,1812,59,29800.00,1,4,34
2053500,8,65,0,801.39,7700.00,1,1,15,114,110783,0.0000,1715,1662,59,48083.33,1,4,63
2054500,2,39,0,414.17,5250.00,1,1,21,120,92344,0.0000,1679,1610,59,24850.00,1,4,38
2060500,0,38,0,814.24,9800.00,1,1,15,94,55646,0.0000,1236,1225,47,39083.33,1,4,36
2065500,9,49,0,480.73,5312.50,1,1,22,141,134410,0.0000,2283,2159,71,34612.50,1,4,48
2067500,1,40,0,566.88,7312.50,1,1,17,117,89085,0.0000,1766,1702,59,34012.50,1,4,39
2068500,12,33,0,628.12,6700.00,1,1,18,96,62815,0.0000,1284,1246,47,30150.00,1,4,33
2071500,3,39,0,708.33,7500.00,2,2,23,96,73302,0.0000,1240,1219,46,34000.00,1,4,38
2071500,10,54,0,584.39,7500.00,2,2,16,144,118877,0.0000,2159,2038,70,42076.19,1,4,48
2075500,15,37,0,570.83,6100.00,1,1,20,96,68670,0.0000,1259,1243,47,27400.00,1,4,37
2077500,5,66,0,818.98,6100.00,1,1,16,143,152590,0.0000,2343,2242,71,58966.67,0,4,65
2080500,7,86,0,1150.28,8000.00,1,1,18,116,119883,0.0000,1732,1676,59,69016.67,0,4,65
2080500,6,50,0,521.53,6333.33,0,0,24,144,143346,0.0000,2160,2073,72,37550.00,1,4,50
2085500,14,56,0,462.22,4700.00,1,1,18,120,102125,0.0000,1873,1813,59,27733.33,1,4,44
2088500,4,48,0,707.50,8700.00,2,2,15,120,82110,0.0000,1739,1662,58,42450.00,1,4,44
2092000,11,52,0,632.59,6400.00,1,1,14,119,71128,0.0000,1652,1599,59,37955.13,1,4,41
2094500,13,70,0,645.56,5000.00,0,1,17,117,132949,0.0000,1920,1879,60,38733.33,1,4,67
2103500,8,43,0,480.28,6100.00,1,1,18,120,94325,0.0000,1758,1705,59,28816.67,1,4,43
2105000,2,73,0,796.25,5550.00,0,0,16,118,118289,0.0000,1750,1674,60,47775.00,0,4,64
2115500,9,54,0,564.81,5000.00,1,1,23,143,133168,0.0000,2337,2203,71,40666.67,1,4,44
2115500,0,23,0,457.64,6100.00,1,1,20,96,53214,0.0000,1259,1248,47,21966.67,1,4,23
2117500,1,32,0,637.62,7000.00,1,1,19,117,75498,0.0000,1798,1733,59,38257.14,0,4,31
2118500,12,47,0,639.58,8050.00,0,1,15,93,69941,0.0000,1332,1294,48,30700.00,1,4,48
2121500,10,93,0,883.80,7400.00,1,1,21,144,164278,0.0000,2247,2116,71,63633.33,1,4,78
2121500,3,26,0,688.19,5400.00,1,1,16,96,49401,0.0000,1267,1246,47,33033.33,1,4,27
2125500,15,38,0,577.08,5100.00,1,1,17,95,61811,0.0000,1297,1281,47,27700.00,0,4,38
2127500,5,57,0,590.90,4550.00,1,1,19,143,147508,0.0000,2400,2298,71,42544.44,1,4,56
2130500,7,31,0,465.00,5000.00,1,1,23,120,89638,0.0000,1763,1707,59,27900.00,1,4,31
2132500,6,72,0,645.37,5000.00,1,1,14,144,130695,0.0000,2231,2135,71,46466.67,1,4,62
2135500,14,37,0,477.78,4666.67,0,0,18,119,99008,0.0000,1911,1851,60,28666.67,0,4,38
2139000,4,70,0,659.17,5250.00,0,0,24,119,131946,0.0000,1809,1721,60,39550.00,1,4,59
2143500,11,34,0,516.03,4928.57,0,0,16,120,76048,0.0000,1687,1634,60,30961.90,1,4,35
2144500,13,35,0,630.00,6300.00,1,1,19,120,96706,0.0000,1954,1913,59,37800.00,1,4,34
2153500,8,56,0,835.56,8000.00,2,2,19,116,105672,0.0000,1813,1760,58,50133.33,1,4,55
2157500,2,51,0,590.83,4100.00,2,2,21,120,106994,0.0000,1799,1719,58,35450.00,1,4,45
2165500,9,63,0,601.27,6875.00,0,0,22,142,162947,0.0000,2400,2260,72,43291.67,0,4,57
2166500,0,39,0,657.29,5250.00,0,0,23,96,74915,0.0000,1299,1288,48,31550.00,1,4,40
2167500,1,60,0,634.17,5050.00,0,0,22,119,133946,0.0000,1859,1793,60,38050.00,1,4,60
2168500,12,34,0,556.94,5300.00,1,1,21,96,69447,0.0000,1365,1327,47,26733.33,1,4,33
2171500,10,76,0,769.68,4600.00,1,1,18,141,163793,0.0000,2321,2189,71,55416.67,0,4,73
2171500,3,15,0,460.42,5000.00,1,1,12,96,31345,0.0000,1282,1261,47,22100.00,1,4,15
2176500,15,20,0,405.21,4000.00,2,2,15,96,42601,0.0000,1316,1299,46,19450.00,1,4,18
2178500,5,80,0,724.31,5100.00,1,1,24,144,198984,0.0000,2480,2372,71,52150.00,1,4,74
2181500,7,37,0,565.00,6400.00,1,1,20,120,94929,0.0000,1800,1744,59,33900.00,1,4,37
2182500,6,103,0,680.15,5470.59,0,1,26,142,187825,0.0000,2333,2224,72,48970.59,1,4,89
2185500,14,81,0,680.14,5750.00,1,1,21,118,150880,0.0000,1991,1921,59,40808.33,1,4,70
2193500,11,36,0,658.89,6100.00,1,1,20,120,82604,0.0000,1722,1667,59,39533.33,1,4,33
2195500,4,51,0,655.56,6100.00,1,1,20,120,103015,0.0000,1859,1770,59,39333.33,1,4,49
2197500,13,59,0,665.56,7900.00,2,2,22,120,126155,0.0000,2012,1967,58,39933.33,1,4,54
2204500,8,45,0,766.11,5666.67,1,1,22,120,99937,0.0000,1859,1805,59,45966.67,1,4,45
2207500,2,40,0,643.21,6800.00,1,1,17,118,85338,0.0000,1840,1759,59,38592.86,1,4,40
2215500,9,59,0,576.62,6900.00,1,1,20,142,160188,0.0000,2458,2317,71,41516.67,0,4,57
2217000,0,37,0,576.04,4500.00,1,1,9,94,44296,0.0000,1326,1314,47,27650.00,1,4,26
2217500,1,46,0,567.22,6900.00,0,0,24,117,119781,0.0000,1905,1838,60,34033.33,1,4,45
2221500,10,57,0,568.75,4600.00,1,1,23,144,166560,0.0000,2378,2245,71,40950.00,1,4,57
2222000,3,24,0,358.33,4500.00,0,0,14,94,49664,0.0000,1307,1286,48,17200.00,1,4,25
2226500,15,50,0,645.31,5000.00,0,0,18,94,72824,0.0000,1368,1349,48,30975.00,1,4,50
2227500,12,26,0,482.64,5900.00,1,1,15,96,53673,0.0000,1391,1353,47,23166.67,1,4,26
2229500,5,71,0,658.80,5450.00,1,1,25,144,204785,0.0000,2551,2442,71,47433.33,1,4,70
2231500,7,30,0,534.44,5100.00,0,1,15,117,75622,0.0000,1831,1773,60,32066.67,1,4,29
2232500,6,48,0,577.20,5625.00,0,0,22,143,141528,0.0000,2381,2272,72,41558.33,0,4,48
2235500,14,38,0,471.11,5000.00,1,1,10,120,69847,0.0000,2029,1953,59,28266.67,1,4,32
2243500,11,31,0,441.67,4750.00,1,1,19,119,77421,0.0000,1753,1697,59,26500.00,0,4,30
2245500,4,46,0,493.89,5300.00,1,1,18,119,94787,0.0000,1905,1805,59,29633.33,1,4,35
2247500,13,20,0,326.94,4666.67,1,1,12,119,57384,0.0000,2033,1988,59,19616.67,0,4,21
2254500,8,42,0,630.56,5100.00,1,1,18,118,94999,0.0000,1901,1847,59,37833.33,1,4,42
2258500,2,55,0,549.40,4100.00,0,0,23,120,117810,0.0000,1896,1808,60,32964.10,1,4,49
2265500,9,34,0,601.16,5100.00,0,1,16,141,114443,0.0000,2493,2352,72,43283.33,1,4,35
2267500,1,38,0,513.33,6100.00,1,1,27,120,116991,0.0000,1942,1875,59,30800.00,1,4,37
2268500,0,36,0,786.46,6300.00,1,1,15,96,62564,0.0000,1362,1348,47,37750.00,1,4,34
2272000,3,34,0,797.92,7000.00,1,1,21,95,67800,0.0000,1340,1319,47,38300.00,1,4,33
2272500,10,106,0,516.20,6100.00,1,1,8,144,194724,0.0000,2419,2285,71,37166.67,1,4,44
2276500,15,36,0,469.94,5357.14,2,3,21,93,72383,0.0000,1402,1383,46,22557.14,1,4,34
2277500,12,30,0,651.04,6100.00,1,2,15,93,60227,0.0000,1421,1383,47,31250.00,1,4,30
2279500,5,46,0,544.91,5100.00,1,2,19,141,152886,0.0000,2597,2488,71,39233.33,1,4,46
2281500,7,46,0,773.61,5666.67,2,3,23,115,111092,0.0000,1875,1817,58,46416.67,1,4,44
2282500,6,57,0,693.06,6000.00,4,4,19,139,139927,0.0000,2434,2325,68,49900.00,1,4,53
2286500,14,38,0,497.50,5100.00,1,1,21,120,108463,0.0000,2067,1991,59,29850.00,1,4,38
2294500,11,41,0,555.00,5000.00,1,1,21,120,94497,0.0000,1794,1738,59,33300.00,1,4,41
2295500,4,56,0,633.33,6100.00,2,2,16,118,106050,0.0000,1957,1849,58,38000.00,1,4,44
2297500,13,42,0,541.39,5000.00,2,3,12,116,92353,0.0000,2073,2027,58,32483.33,0,4,39
2306500,8,45,0,795.28,6100.00,1,1,24,120,121513,0.0000,1946,1891,59,47716.67,1,4,44
2308500,2,42,0,590.83,5400.00,0,0,17,120,102515,0.0000,1938,1850,60,35450.00,1,4,42
2316000,9,72,0,633.10,5700.00,0,0,18,143,150005,0.0000,2556,2409,72,45583.33,1,4,57
2321500,1,58,0,697.50,7800.00,1,1,20,120,125443,0.0000,2000,1923,59,41850.00,1,4,48
2323500,10,64,0,625.00,6550.00,1,1,21,144,164454,0.0000,2483,2343,71,45000.00,1,4,58
2326500,3,23,0,324.48,5100.00,1,1,18,96,53261,0.0000,1363,1342,47,15575.00,1,4,23
2327500,12,38,0,755.03,6541.67,1,1,23,94,82703,0.0000,1459,1421,47,36241.67,1,4,38
2329500,5,40,0,557.41,6100.00,0,1,21,141,138048,0.0000,2638,2529,72,40133.33,1,4,41
2331500,7,35,0,784.17,6750.00,1,2,17,114,87983,0.0000,1911,1853,59,47050.00,1,4,36
2332500,6,54,0,758.56,8000.00,2,2,22,142,148320,0.0000,2490,2377,70,54616.67,0,4,52
2333500,0,39,0,617.36,5333.33,1,1,20,96,78033,0.0000,1401,1387,47,29633.33,1,4,39
2336500,15,30,0,723.26,7416.67,1,1,18,96,63030,0.0000,1433,1414,47,34716.67,1,4,31
2337500,14,31,0,521.67,5600.00,1,1,15,120,82335,0.0000,2098,2022,59,31300.00,1,4,31
2344500,11,27,0,636.67,5100.00,0,0,15,120,71869,0.0000,1822,1766,60,38200.00,1,4,28
2345500,4,31,0,558.61,5833.33,2,2,18,118,89507,0.0000,1988,1880,58,33516.67,1,4,31
2347500,13,60,0,768.61,6150.00,2,2,24,119,137508,0.0000,2133,2086,58,46116.67,1,4,59
2356500,8,51,0,788.89,6300.00,2,2,18,116,109047,0.0000,1996,1941,58,47333.33,0,4,50
2358500,2,46,0,634.58,6600.00,2,2,10,114,74714,0.0000,1982,1891,58,38075.00,0,4,41
2367500,9,54,0,628.47,5900.00,1,1,19,144,133823,0.0000,2609,2455,71,45250.00,1,4,46
2372500,1,61,0,738.06,5600.00,2,2,17,120,129085,0.0000,2060,1982,58,44283.33,1,4,59
2375500,10,52,0,478.70,4600.00,1,1,20,144,149390,0.0000,2535,2393,71,34466.67,1,4,50
2376500,3,36,0,808.33,7000.00,0,0,13,95,57207,0.0000,1400,1379,48,38800.00,0,4,37
2379500,5,65,0,705.70,5250.00,0,0,17,141,176589,0.0000,2702,2590,72,50810.61,0,4,61
2379500,12,61,0,1093.91,9300.00,1,1,22,96,94186,0.0000,1518,1477,47,52507.69,1,4,56
2381500,7,46,0,704.75,5500.00,0,0,20,116,110696,0.0000,1958,1900,60,42284.85,0,4,47
2382500,6,68,0,632.10,5000.00,2,3,22,139,171131,0.0000,2558,2444,70,45511.11,1,4,67
2384500,0,64,0,846.88,6100.00,0,0,19,96,89148,0.0000,1458,1438,48,40650.00,1,4,51
2386500,15,32,0,647.32,7500.00,1,1,15,94,61529,0.0000,1465,1446,47,31071.43,1,4,32
2387500,14,68,0,779.14,6100.00,2,2,16,117,129355,0.0000,2163,2080,58,46748.61,0,4,58
2394500,11,63,0,604.26,5233.33,0,1,16,116,107505,0.0000,1885,1820,60,36255.56,1,4,54
2395500,4,85,0,1024.82,7100.00,1,1,21,118,175564,0.0000,2074,1965,59,61489.29,1,4,85
2397500,13,56,0,656.85,4500.00,1,2,21,115,134982,0.0000,2190,2133,59,39411.11,1,4,47
2406500,8,56,0,1066.46,9500.00,1,1,26,120,151654,0.0000,2053,1997,59,63987.50,1,4,56
2410500,2,45,0,630.51,6000.00,1,1,26,120,126414,0.0000,2028,1937,59,37830.77,1,4,46
2417500,9,56,0,500.46,4200.00,1,1,14,144,146637,0.0000,2665,2510,71,36033.33,1,4,55
2422500,1,22,0,299.17,6000.00,2,2,14,118,69804,0.0000,2082,2004,58,17950.00,1,4,22
2425500,10,69,0,569.91,5100.00,1,1,23,144,187270,0.0000,2604,2461,71,41033.33,1,4,68
2429500,5,54,0,521.53,4500.00,0,0,21,142,161938,0.0000,2755,2640,72,37550.00,1,4,50
2429500,12,44,0,907.64,6100.00,0,0,13,94,71849,0.0000,1563,1522,48,43566.67,1,4,45
2432500,6,78,0,609.40,6900.00,0,0,23,143,195863,0.0000,2637,2511,72,43877.08,1,4,67
2434500,0,35,0,658.33,7000.00,0,0,19,96,75799,0.0000,1493,1473,48,31600.00,1,4,35
2435500,7,26,0,481.11,6100.00,1,1,17,120,72677,0.0000,1983,1925,59,28866.67,1,4,25
2435500,3,28,0,612.50,5100.00,1,1,20,96,65505,0.0000,1427,1406,47,29400.00,1,4,27
2437500,14,65,0,636.41,6666.67,1,1,21,118,149855,0.0000,2229,2143,59,38184.85,1,4,63
2437500,15,44,0,586.38,5346.15,1,1,18,96,74953,0.0000,1509,1490,47,28146.15,1,4,44
2444500,11,40,0,635.00,5500.00,1,1,17,119,86442,0.0000,1924,1856,59,38100.00,0,4,36
2446000,4,30,0,731.11,7500.00,0,0,16,120,87186,0.0000,2105,1995,60,43866.67,1,4,30
2447500,13,68,0,699.44,6000.00,2,2,22,120,162723,0.0000,2257,2200,58,41966.67,1,4,67
2456500,8,42,0,599.58,5100.00,1,2,15,115,106788,0.0000,2095,2038,59,35975.00,1,4,41
2460500,2,49,0,471.75,6033.33,0,1,22,115,127441,0.0000,2078,1986,60,28304.76,1,4,49
2467500,9,90,0,770.83,5850.00,1,1,19,143,181118,0.0000,2748,2582,71,55500.00,0,4,72
2472500,1,58,0,593.54,4600.00,1,1,28,115,154494,0.0000,2141,2062,59,35612.50,0,4,58
2476500,10,75,0,641.90,5900.00,1,1,18,144,177186,0.0000,2677,2524,71,46216.67,1,4,63
2479500,5,96,0,685.88,6250.00,0,0,24,144,203635,0.0000,2839,2713,72,49383.33,1,4,73
2482500,6,68,0,633.45,5000.00,1,1,18,143,173068,0.0000,2703,2576,71,45608.33,1,4,65
2482500,12,30,0,723.61,5500.00,1,1,19,96,73781,0.0000,1592,1551,47,34733.33,1,4,29
2485500,7,46,0,734.17,7300.00,0,1,20,117,124654,0.0000,2028,1969,60,44050.00,1,4,44
2486500,3,21,0,463.54,6300.00,1,1,17,96,53867,0.0000,1448,1427,47,22250.00,1,4,21
2487500,14,61,0,724.44,5000.00,3,4,20,117,143274,0.0000,2287,2198,57,43466.67,0,4,55
2487500,15,39,0,780.73,6000.00,1,1,15,94,70968,0.0000,1548,1528,47,37475.00,1,4,38
2491500,0,28,0,589.58,7500.00,1,1,12,96,53534,0.0000,1520,1500,47,28300.00,1,4,27
2496000,4,66,0,694.31,6500.00,1,1,18,114,143653,0.0000,2170,2060,59,41658.33,0,4,65
2497500,11,33,0,580.83,6300.00,1,1,19,120,91806,0.0000,1957,1889,59,34850.00,1,4,33
2499500,13,61,0,677.08,7500.00,1,1,17,120,138390,0.0000,2318,2253,59,40625.00,1,4,53
2506500,8,66,0,778.33,5500.00,1,1,20,120,159548,0.0000,2161,2102,59,46700.00,1,4,64
2510500,2,55,0,469.25,5100.00,1,1,27,118,146957,0.0000,2132,2039,59,28154.76,1,4,53
2517500,9,58,0,542.36,5100.00,0,0,20,143,156814,0.0000,2807,2640,72,39050.00,0,4,58
2522500,1,56,0,491.47,7100.00,1,1,22,117,144105,0.0000,2197,2118,59,29488.24,0,4,56
2526500,10,111,0,598.24,5842.11,1,2,19,141,228996,0.0000,2781,2613,71,43073.06,1,4,89
2529500,5,72,0,610.76,6100.00,1,1,18,138,178707,0.0000,2910,2783,71,43975.00,0,4,70
2533500,12,18,0,502.08,7600.00,1,1,13,96,46835,0.0000,1610,1569,47,24100.00,1,4,18
2534500,6,120,0,644.33,5400.00,2,2,19,144,236392,0.0000,2820,2669,70,46391.67,1,4,93
2535500,7,51,0,784.17,6900.00,1,1,18,120,105338,0.0000,2077,2005,59,47050.00,1,4,36
2536500,3,32,0,570.83,4100.00,2,2,18,96,67911,0.0000,1479,1458,46,27400.00,1,4,31
2537500,14,75,0,848.32,11600.00,1,1,19,120,162970,0.0000,2357,2258,59,50898.99,1,4,60
2541500,0,59,0,904.86,5600.00,0,0,16,96,93330,0.0000,1580,1560,48,43433.33,1,4,60
2544500,15,13,0,474.31,7000.00,1,1,14,96,41452,0.0000,1561,1541,47,22766.67,1,4,13
2547500,11,27,0,607.50,8500.00,0,1,12,116,70337,0.0000,1985,1915,60,36450.00,0,4,26
2548500,4,62,0,906.60,6100.00,2,2,26,120,154594,0.0000,2231,2121,58,54395.83,1,4,61
2549500,13,44,0,771.11,7200.00,0,0,19,120,127388,0.0000,2363,2298,60,46266.67,1,4,45
2556500,8,74,0,786.87,6678.57,3,3,18,115,146929,0.0000,2233,2162,57,47211.90,1,4,60
2561500,2,58,0,641.11,5300.00,1,1,19,120,134723,0.0000,2190,2097,59,38466.67,1,4,58
2567500,9,81,0,672.22,5650.00,1,1,24,142,211603,0.0000,2882,2708,71,48400.00,1,4,68
2573500,1,45,0,561.11,5000.00,1,1,15,120,87461,0.0000,2232,2146,59,33666.67,1,4,28
2576500,10,67,0,673.70,6272.73,2,2,26,141,211403,0.0000,2847,2676,70,48506.06,0,4,63
2579500,5,68,0,596.97,4200.00,1,1,23,143,225096,0.0000,2978,2845,71,42982.05,1,4,62
2585500,7,47,0,659.29,5900.00,0,1,20,117,123762,0.0000,2125,2052,60,39557.14,1,4,47
2585500,12,56,0,731.25,4900.00,1,1,20,96,115054,0.0000,1666,1624,47,35100.00,1,4,55
2587000,3,34,0,646.88,6100.00,0,0,21,96,79792,0.0000,1515,1493,48,31050.00,1,4,35
2587500,14,46,0,643.61,7600.00,1,1,19,117,130091,0.0000,2403,2304,59,38616.67,0,4,46
2588500,6,93,0,711.34,6100.00,1,1,22,144,224939,0.0000,2913,2746,71,51216.67,1,4,77
2591500,0,33,0,663.54,7900.00,0,0,18,95,77305,0.0000,1613,1593,48,31850.00,0,4,33
2594500,15,40,0,725.00,5400.00,0,0,12,96,73459,0.0000,1602,1582,48,34800.00,1,4,41
2597500,11,52,0,744.17,6000.00,2,2,23,116,117967,0.0000,2035,1955,58,44650.00,0,4,40
2599500,13,85,0,745.97,5800.00,1,1,21,120,184088,0.0000,2435,2362,59,44758.33,1,4,64
2602500,4,54,0,851.67,6900.00,1,1,12,120,105379,0.0000,2284,2169,59,51100.00,1,4,48
2606500,8,39,0,779.72,7833.33,0,1,14,114,95953,0.0000,2274,2201,60,46783.33,1,4,39
2617500,2,38,0,450.83,5300.00,2,2,18,120,112242,0.0000,2227,2134,58,27050.00,1,4,37
2623500,1,56,0,736.25,8700.00,1,1,19,120,145861,0.0000,2288,2200,59,44175.00,1,4,54
2623500,9,66,0,696.76,5700.00,1,1,20,144,202915,0.0000,2948,2774,71,50166.67,1,4,66
2626500,10,48,0,522.69,4600.00,0,2,17,138,140292,0.0000,2896,2724,72,37633.33,1,4,48
2631500,5,52,0,606.60,6700.00,1,1,22,144,183953,0.0000,3030,2895,71,43675.00,1,4,50
2636000,7,89,0,1064.72,7950.00,1,1,18,117,137398,0.0000,2203,2107,59,63883.33,1,4,55
2637000,3,40,0,660.32,6500.00,1,1,23,92,89178,0.0000,1554,1530,47,31695.24,0,4,37
2637500,14,36,0,527.78,5000.00,0,0,17,119,111542,0.0000,2439,2338,60,31666.67,0,4,34
2637500,12,27,0,338.54,5000.00,1,1,16,96,70458,0.0000,1693,1651,47,16250.00,1,4,27
2639500,6,30,0,345.83,4100.00,0,0,21,144,129756,0.0000,2944,2777,72,24900.00,1,4,31
2642000,0,25,0,441.67,3600.00,0,0,16,94,62582,0.0000,1638,1618,48,21200.00,0,4,25
2647500,11,36,0,681.39,6100.00,1,1,17,120,86909,0.0000,2072,1991,59,40883.33,1,4,36
2650500,13,32,0,491.67,5000.00,0,0,20,120,121331,0.0000,2468,2395,60,29500.00,1,4,33
2651000,15,17,0,366.67,5000.00,1,1,12,96,42951,0.0000,1618,1598,47,17600.00,1,4,16
2652500,4,51,0,695.56,5600.00,1,1,19,118,134025,0.0000,2335,2219,59,41733.33,1,4,50
2661500,8,26,0,408.89,6600.00,1,1,17,120,84097,0.0000,2299,2226,59,24533.33,1,4,25
2667500,2,73,0,783.61,6400.00,2,2,17,116,144995,0.0000,2299,2199,58,47016.67,1,4,65
2673500,9,66,0,566.67,4500.00,0,0,22,143,193351,0.0000,3014,2830,72,40800.00,1,4,56
2673500,1,61,0,573.33,5500.00,1,1,16,119,131219,0.0000,2349,2252,59,34400.00,0,4,52
2676500,10,71,0,831.30,5653.85,1,1,20,142,204191,0.0000,2966,2794,71,59853.85,1,4,70
2682500,5,55,0,581.25,4600.00,0,0,29,144,228182,0.0000,3086,2951,72,41850.00,1,4,56
2686000,7,39,0,665.00,6100.00,0,0,26,120,129721,0.0000,2243,2147,60,39900.00,1,4,40
2687500,14,60,0,596.53,5975.00,0,0,19,115,153809,0.0000,2499,2398,60,35791.67,1,4,60
2687500,3,47,0,736.81,6000.00,0,0,28,96,104157,0.0000,1602,1578,48,35366.67,1,4,48
2688500,12,28,0,633.33,7600.00,0,0,17,96,74997,0.0000,1722,1680,48,30400.00,1,4,29
2689500,6,86,0,735.42,5000.00,1,1,15,144,208734,0.0000,3024,2850,71,52950.00,1,4,73
2693500,0,22,0,427.08,5000.00,0,0,14,96,58654,0.0000,1660,1640,48,20500.00,1,4,22
2701500,13,37,0,520.56,5333.33,0,0,26,120,142455,0.0000,2505,2432,60,31233.33,1,4,37
2701500,15,27,0,554.17,7500.00,1,1,19,96,72588,0.0000,1645,1625,47,26600.00,1,4,27
2704500,4,36,0,690.00,5000.00,1,1,23,120,123030,0.0000,2371,2254,59,41400.00,1,4,35
2706500,11,51,0,671.67,5400.00,1,1,25,120,141360,0.0000,2123,2042,59,40300.00,1,4,51
2715500,8,32,0,755.00,7100.00,1,1,22,120,114406,0.0000,2331,2257,59,45300.00,1,4,31
2720500,2,51,0,548.33,6000.00,1,1,23,120,149029,0.0000,2351,2248,59,32900.00,1,4,49
2723500,1,29,0,445.00,4200.00,0,0,20,119,104271,0.0000,2379,2280,60,26700.00,0,4,28
2723500,9,34,0,547.92,6350.00,1,1,16,144,133799,0.0000,3047,2862,71,39450.00,1,4,32
2726500,10,40,0,507.69,4153.85,2,2,18,142,149118,0.0000,3005,2832,70,36553.85,1,4,38
2732500,5,44,0,583.33,5250.00,0,0,15,143,139823,0.0000,3130,2994,72,42000.00,0,4,43
2736500,7,20,0,445.00,7100.00,1,1,15,120,71171,0.0000,2262,2166,59,26700.00,1,4,19
2737500,14,25,0,345.83,4100.00,0,0,16,120,98813,0.0000,2524,2423,60,20750.00,1,4,25
2737500,3,31,0,581.25,6000.00,1,1,14,95,63762,0.0000,1632,1607,47,27900.00,0,4,29
2739500,6,46,0,427.08,4250.00,2,2,22,143,181079,0.0000,3069,2895,70,30750.00,1,4,45
2741500,12,12,0,366.67,5000.00,1,1,8,96,30354,0.0000,1733,1691,47,17600.00,1,4,11
2749500,0,16,0,288.89,5100.00,1,1,13,96,46155,0.0000,1675,1655,47,13866.67,1,4,15
2751500,15,16,0,412.50,4500.00,1,1,9,96,37577,0.0000,1661,1641,47,19800.00,1,4,16
2751500,13,25,0,438.33,5000.00,0,0,13,119,87980,0.0000,2530,2457,60,26300.00,0,4,25
2756500,11,23,0,557.22,6000.00,0,0,15,119,75991,0.0000,2147,2066,60,33433.33,0,4,24
2756500,4,25,0,632.78,6100.00,1,1,12,120,74805,0.0000,2396,2279,59,37966.67,1,4,25
2765500,8,20,0,449.07,4500.00,0,1,11,116,65759,0.0000,2352,2278,60,26944.44,0,4,21
2771500,2,37,0,496.81,4375.00,0,0,16,120,108813,0.0000,2389,2284,60,29808.33,1,4,36
2773500,9,38,0,569.44,5300.00,1,1,18,142,144112,0.0000,3085,2900,71,41000.00,1,4,38
2773500,1,26,0,511.67,5000.00,1,1,17,120,93995,0.0000,2404,2304,59,30700.00,1,4,24
2776500,10,43,0,556.25,5500.00,1,2,24,140,179768,0.0000,3049,2876,71,40050.00,0,4,44
2786500,5,41,0,492.59,4166.67,1,1,21,144,171833,0.0000,3170,3033,71,35466.67,1,4,39
2787500,14,35,0,559.58,6100.00,2,3,16,117,109785,0.0000,2557,2456,58,33575.00,1,4,33
2789500,6,40,0,408.22,3750.00,1,1,20,143,145857,0.0000,3110,2935,71,29391.67,0,4,40
2791500,12,29,0,703.12,5000.00,1,2,13,93,64731,0.0000,1760,1717,47,33750.00,1,4,26
2793500,7,42,0,589.86,6500.00,1,1,21,120,124543,0.0000,2303,2205,59,35391.67,1,4,39
2797500,3,27,0,597.92,5500.00,1,1,19,96,72935,0.0000,1659,1634,47,28700.00,1,4,27
2803500,13,42,0,650.00,5100.00,1,1,17,120,131355,0.0000,2571,2498,59,39000.00,1,4,41
2804500,0,24,0,563.19,6100.00,1,1,16,96,63399,0.0000,1699,1679,47,27033.33,1,4,24
2806500,11,41,0,660.56,5700.00,0,0,16,117,110546,0.0000,2188,2106,60,39633.33,1,4,40
2806500,15,27,0,575.00,5500.00,1,1,16,96,69522,0.0000,1688,1668,47,27600.00,1,4,27
2807500,4,25,0,432.22,4500.00,1,1,13,120,77945,0.0000,2421,2303,59,25933.33,1,4,24
2815500,8,40,0,581.46,6187.50,1,1,25,117,144680,0.0000,2391,2317,59,34887.50,0,4,39
2821500,2,28,0,431.67,4166.67,0,0,13,118,80365,0.0000,2417,2308,60,25900.00,0,4,24
2824000,1,28,0,525.00,4500.00,0,0,13,118,95044,0.0000,2433,2333,60,31500.00,0,4,29
2824500,9,43,0,486.11,5100.00,0,0,24,144,175407,0.0000,3129,2944,72,35000.00,1,4,44
2827500,10,51,0,565.16,4950.00,1,1,25,144,203102,0.0000,3100,2927,71,40691.67,1,4,51
2839500,5,38,0,397.57,3100.00,1,1,18,144,152559,0.0000,3207,3067,71,28625.00,1,4,34
2839500,6,37,0,410.42,3950.00,1,1,18,141,147683,0.0000,3147,2971,71,29550.00,0,4,36
2841500,12,27,0,651.04,7500.00,1,1,11,96,51923,0.0000,1784,1741,47,31250.00,1,4,24
2842500,14,62,0,833.33,5950.00,1,1,18,120,151577,0.0000,2617,2507,59,50000.00,1,4,51
2844500,7,31,0,620.00,5650.00,1,1,17,120,99996,0.0000,2334,2236,59,37200.00,1,4,31
2847500,3,19,0,379.17,5000.00,0,0,13,95,52605,0.0000,1679,1654,48,18200.00,1,4,20
2853500,13,85,0,737.96,5100.00,3,3,16,114,161710,0.0000,2646,2561,57,44277.78,1,4,63
2855500,0,15,0,379.86,4400.00,1,1,8,96,35420,0.0000,1714,1692,47,18233.33,1,4,13
2856500,15,39,0,780.80,6100.00,0,1,20,95,98052,0.0000,1728,1708,48,37478.57,1,4,40
2856500,11,46,0,653.06,6000.00,1,2,21,119,125634,0.0000,2233,2148,59,39183.33,1,4,42
2857500,4,16,0,405.00,8200.00,0,0,12,119,67043,0.0000,2438,2320,60,24300.00,1,4,17
2865500,8,26,0,385.48,6928.57,1,1,18,120,100196,0.0000,2417,2342,59,23128.57,1,4,25
2874500,9,45,0,502.08,5000.00,0,0,21,144,163152,0.0000,3172,2984,72,36150.00,1,4,40
2874500,1,30,0,407.78,5000.00,1,1,18,120,103352,0.0000,2462,2362,59,24466.67,1,4,29
2877500,2,31,0,388.33,4500.00,1,1,17,120,104602,0.0000,2447,2338,59,23300.00,1,4,30
2877500,10,58,0,614.58,6200.00,1,1,19,144,179803,0.0000,3142,2968,71,44250.00,1,4,46
2889500,5,59,0,694.44,4500.00,1,1,20,144,222928,0.0000,3266,3125,71,50000.00,1,4,58
2889500,6,40,0,491.14,5100.00,0,0,25,143,179492,0.0000,3188,3012,72,35361.90,0,4,41
2891500,12,43,0,752.08,7100.00,0,0,16,96,100677,0.0000,1828,1785,48,36100.00,1,4,44
2894000,14,65,0,574.17,5650.00,0,0,19,120,175513,0.0000,2683,2571,60,34450.00,1,4,64
2894500,7,40,0,705.83,6800.00,1,1,24,120,135412,0.0000,2374,2276,59,42350.00,1,4,40
2897500,3,24,0,571.88,6250.00,1,1,18,95,68278,0.0000,1702,1677,47,27450.00,0,4,23
2904000,13,49,0,846.04,7000.00,0,0,18,120,157672,0.0000,2691,2605,60,50762.50,1,4,44
2905500,0,19,0,462.50,7000.00,1,1,9,96,47658,0.0000,1733,1711,47,22200.00,1,4,19
2906500,11,48,0,894.31,7125.00,1,1,22,120,132379,0.0000,2280,2193,59,53658.33,1,4,45
2907500,4,37,0,775.00,6500.00,1,1,19,120,119338,0.0000,2474,2356,59,46500.00,1,4,36
2908500,15,20,0,522.57,6666.67,1,1,14,96,53241,0.0000,1747,1726,47,25083.33,1,4,18
2915500,8,52,0,604.17,6100.00,0,0,18,119,132515,0.0000,2470,2386,60,36250.00,1,4,44
2924500,1,28,0,413.33,5000.00,1,1,16,119,104607,0.0000,2490,2390,59,24800.00,0,4,28
2924500,9,63,0,541.48,3700.00,2,3,24,139,216880,0.0000,3233,3043,70,38986.90,0,4,59
2927500,10,45,0,525.00,4100.00,1,1,19,143,179583,0.0000,3187,3013,71,37800.00,0,4,45
2928500,2,32,0,505.00,5600.00,0,0,12,119,94232,0.0000,2480,2370,60,30300.00,0,4,32
2940000,5,36,0,452.31,4366.67,0,0,20,144,172883,0.0000,3303,3162,72,32566.67,1,4,37
2941500,12,31,0,648.96,6300.00,0,0,18,96,86426,0.0000,1859,1816,48,31150.00,1,4,31
2941500,6,28,0,344.44,4600.00,2,2,16,144,120997,0.0000,3214,3038,70,24800.00,1,4,26
2944000,14,46,0,504.72,4100.00,1,1,13,117,124352,0.0000,2728,2611,59,30283.33,0,4,40
2945500,7,31,0,725.00,7300.00,1,1,17,120,103097,0.0000,2405,2307,59,43500.00,1,4,31
2954000,13,57,0,694.17,5900.00,1,2,11,117,144733,0.0000,2747,2661,59,41650.00,1,4,56
2955500,0,18,0,489.58,6000.00,0,0,10,95,48196,0.0000,1752,1730,48,23500.00,0,4,19
2956500,11,37,0,675.00,6300.00,1,1,12,118,92853,0.0000,2316,2227,59,40500.00,1,4,34
2958500,15,34,0,692.13,6000.00,0,1,19,93,88891,0.0000,1782,1761,48,33222.22,1,4,35
2959500,3,22,0,554.17,5700.00,1,1,14,96,59073,0.0000,1724,1698,47,26600.00,1,4,21
2960500,4,36,0,600.83,4900.00,1,1,16,120,111577,0.0000,2510,2391,59,36050.00,1,4,35
2968500,8,49,0,793.89,5800.00,1,1,21,120,149572,0.0000,2518,2434,59,47633.33,1,4,48
2974500,9,80,0,750.46,5375.00,2,2,24,141,261955,0.0000,3312,3115,70,54033.33,0,4,72
2974500,1,53,0,541.11,6066.67,0,0,18,116,132649,0.0000,2544,2436,60,32466.67,0,4,46
2977500,10,74,0,559.84,4450.00,1,2,27,137,240632,0.0000,3258,3081,71,40308.33,0,4,68
2978500,2,61,0,928.06,7300.00,2,3,18,114,158098,0.0000,2537,2426,58,55683.33,1,4,56
2990000,5,66,0,615.74,5600.00,1,1,23,141,233023,0.0000,3368,3221,71,44333.33,0,4,59
2991500,6,76,0,786.69,6300.00,0,0,19,142,224180,0.0000,3289,3104,72,56641.67,1,4,66
2992500,12,29,0,489.24,5500.00,1,1,16,96,76931,0.0000,1887,1844,47,23483.33,1,4,28
2994000,14,63,0,695.00,7500.00,0,0,25,119,192662,0.0000,2792,2672,60,41700.00,1,4,61
2999500,7,63,0,900.83,7200.00,1,1,15,120,111872,0.0000,2458,2353,59,54050.00,1,4,46
3004000,13,30,0,531.67,6000.00,1,1,13,117,109751,0.0000,2777,2691,59,31900.00,0,4,30
3006500,11,42,0,764.93,8200.00,1,1,17,120,114721,0.0000,2358,2269,59,45895.83,1,4,42
3008500,15,38,0,727.78,9200.00,1,1,20,96,90867,0.0000,1819,1798,47,34933.33,1,4,37
3008500,0,39,0,587.15,4550.00,2,2,22,96,97957,0.0000,1789,1766,46,28183.33,1,4,36
3012000,4,68,0,795.56,7100.00,1,1,24,120,186754,0.0000,2578,2459,59,47733.33,1,4,68
3018500,8,63,0,705.07,6100.00,2,2,20,118,170048,0.0000,2579,2493,58,42303.99,0,4,59
3018500,3,38,0,601.04,6700.00,1,1,17,96,85944,0.0000,1761,1734,47,28850.00,1,4,36
3024500,9,43,0,612.04,5100.00,0,0,17,143,163183,0.0000,3356,3159,72,44066.67,0,4,44
3029500,1,44,0,363.89,3400.00,1,1,17,120,137658,0.0000,2587,2478,59,21833.33,1,4,42
3030500,10,67,0,662.04,6800.00,1,1,14,144,174144,0.0000,3324,3139,71,47666.67,1,4,58
3030500,2,41,0,604.17,4500.00,3,3,16,120,112493,0.0000,2577,2466,57,36250.00,1,4,40
3040000,5,88,0,698.15,4650.00,0,0,20,144,238108,0.0000,3451,3301,72,50266.67,1,4,80
3041500,6,84,0,642.36,4900.00,0,0,15,143,204020,0.0000,3365,3173,72,46250.00,1,4,69
3043500,12,33,0,683.33,6000.00,0,0,14,96,80150,0.0000,1921,1878,48,32800.00,1,4,34
3045500,14,39,0,616.67,7800.00,0,0,19,120,142710,0.0000,2831,2711,60,37000.00,1,4,39
3050500,7,39,0,826.67,6400.00,1,1,19,120,123337,0.0000,2497,2392,59,49600.00,1,4,39
3054500,13,31,0,469.07,5750.00,0,0,21,119,140767,0.0000,2809,2723,60,28143.94,0,4,32
3056500,11,56,0,562.50,5550.00,1,1,16,120,149338,0.0000,2414,2323,59,33750.00,1,4,54
3059500,0,27,0,519.79,7250.00,0,0,18,96,81963,0.0000,1818,1795,48,24950.00,1,4,29
3060500,15,43,0,528.12,6550.00,1,1,20,96,100175,0.0000,1862,1841,47,25350.00,1,4,43
3062000,4,61,0,770.06,6500.00,2,2,21,114,164408,0.0000,2638,2519,58,46203.85,1,4,60
3068500,8,46,0,580.69,6375.00,2,2,24,119,163441,0.0000,2625,2535,58,34841.67,0,4,42
3069000,3,46,0,685.42,7400.00,0,0,17,96,96723,0.0000,1807,1778,48,32900.00,1,4,44
3078500,9,51,0,647.92,5500.00,2,2,21,144,188018,0.0000,3405,3207,70,46650.00,1,4,48
3079500,1,49,0,739.17,7100.00,0,0,19,119,144940,0.0000,2636,2522,60,44350.00,1,4,44
3080500,10,66,0,787.62,5600.00,1,1,21,141,250750,0.0000,3390,3205,71,56708.33,0,4,66
3080500,2,75,0,853.47,5200.00,0,0,24,119,205291,0.0000,2654,2539,60,51208.33,1,4,73
3090000,5,49,0,597.22,4500.00,1,1,24,141,212549,0.0000,3498,3344,71,43000.00,0,4,43
3091500,6,83,0,748.50,4400.00,1,1,19,142,254134,0.0000,3446,3253,71,53891.67,1,4,80
3093500,12,31,0,650.89,6142.86,2,2,17,93,83272,0.0000,1950,1907,46,31242.86,0,4,29
3095500,14,33,0,509.17,5250.00,0,0,19,119,141882,0.0000,2864,2744,60,30550.00,0,4,33
3101000,7,56,0,722.36,6100.00,0,0,23,119,169460,0.0000,2554,2449,60,43341.67,0,4,57
3104500,13,30,0,543.33,6500.00,2,2,21,120,128685,0.0000,2837,2750,58,32600.00,1,4,27
3106500,11,41,0,632.67,5760.00,0,0,18,117,131299,0.0000,2456,2365,60,37960.00,0,4,42
3110500,15,27,0,605.21,6350.00,0,0,19,96,83515,0.0000,1890,1869,48,29050.00,1,4,28
3110500,0,40,0,707.99,7100.00,0,0,25,96,109008,0.0000,1858,1835,48,33983.33,1,4,40
3116500,4,36,0,862.62,7000.00,1,1,20,120,132003,0.0000,2675,2556,59,51757.14,1,4,37
3118500,8,34,0,511.25,5600.00,1,1,20,120,127724,0.0000,2660,2569,59,30675.00,1,4,34
3128500,9,57,0,650.00,6100.00,2,2,19,143,200341,0.0000,3462,3256,70,46800.00,1,4,49
3130500,10,43,0,412.96,5433.33,1,1,23,140,203170,0.0000,3433,3248,71,29733.33,1,4,43
3130500,3,41,0,657.29,6300.00,2,2,23,96,104398,0.0000,1846,1817,46,31550.00,1,4,39
3131500,2,50,0,492.78,4166.67,1,1,23,120,169189,0.0000,2703,2588,59,29566.67,1,4,49
3132500,1,64,0,611.39,6800.00,1,1,26,120,194084,0.0000,2699,2584,59,36683.33,1,4,62
3141500,6,49,0,432.64,4433.33,1,1,15,143,170574,0.0000,3495,3302,71,31150.00,0,4,49
3141500,5,82,0,733.80,6000.00,1,1,23,144,270896,0.0000,3577,3420,71,52833.33,1,4,76
3148500,14,43,0,482.22,5233.33,1,1,18,120,149277,0.0000,2906,2785,59,28933.33,1,4,41
3151500,7,28,0,546.67,6600.00,1,1,15,120,98508,0.0000,2581,2475,59,32800.00,1,4,26
3154500,12,21,0,518.75,7833.33,1,1,14,96,65256,0.0000,1972,1928,47,24900.00,1,4,21
3155500,13,44,0,548.61,5000.00,2,2,22,120,171943,0.0000,2881,2792,58,32916.67,1,4,42
3156500,11,53,0,652.80,5500.00,1,4,19,113,135886,0.0000,2508,2414,59,39167.86,1,4,49
3160500,15,43,0,610.42,4200.00,1,1,10,93,86800,0.0000,1932,1911,47,29300.00,0,4,42
3164500,0,24,0,604.17,5500.00,1,1,15,96,62821,0.0000,1881,1858,47,29000.00,1,4,23
3167500,4,34,0,552.78,4500.00,1,1,19,120,133917,0.0000,2709,2590,59,33166.67,1,4,34
3168500,8,27,0,381.67,4700.00,1,1,19,120,118870,0.0000,2687,2596,59,22900.00,1,4,27
3180500,9,39,0,423.61,5200.00,1,1,18,144,173665,0.0000,3501,3294,71,30500.00,1,4,38
3180500,10,64,0,585.13,5650.00,1,1,22,136,232597,0.0000,3497,3312,71,42129.17,0,4,64
3182500,1,27,0,471.67,6100.00,1,1,16,120,106564,0.0000,2726,2611,59,28300.00,1,4,27
3182500,3,39,0,830.56,7600.00,1,1,19,96,101153,0.0000,1886,1856,47,39866.67,1,4,39
3183500,2,25,0,373.33,9200.00,3,3,15,120,93600,0.0000,2726,2611,57,22400.00,1,4,23
3191500,6,50,0,476.39,5800.00,0,0,20,144,229611,0.0000,3546,3353,72,34300.00,1,4,51
3198500,14,42,0,645.00,6200.00,1,1,19,120,165727,0.0000,2948,2827,59,38700.00,1,4,42
3198500,5,52,0,511.11,6200.00,1,1,24,144,241359,0.0000,3629,3472,71,36800.00,1,4,52
3202500,7,37,0,528.89,6000.00,1,1,21,120,134847,0.0000,2618,2512,59,31733.33,1,4,37
3204500,12,22,0,381.25,5000.00,1,1,11,93,63958,0.0000,1994,1950,47,18300.00,0,4,22
3205500,13,32,0,425.56,4833.33,0,0,11,115,106650,0.0000,2915,2826,60,25533.33,0,4,34
3206500,11,40,0,798.66,7500.00,0,1,14,117,111958,0.0000,2549,2455,60,47919.70,1,4,41
3211500,15,30,0,773.96,7250.00,1,1,19,96,88597,0.0000,1962,1941,47,37150.00,1,4,30
3217500,4,58,0,611.39,5250.00,1,2,18,117,162103,0.0000,2766,2637,59,36683.33,1,4,47
3218500,8,48,0,875.83,6500.00,0,0,17,116,151801,0.0000,2736,2644,60,52550.00,1,4,48
3222500,0,41,0,729.51,6000.00,1,1,18,96,97751,0.0000,1922,1899,47,35016.67,1,4,41
3230500,9,46,0,590.28,5100.00,1,1,16,144,159277,0.0000,3547,3338,71,42500.00,1,4,44
3231500,10,59,0,701.39,6100.00,1,1,25,144,230549,0.0000,3556,3369,71,50500.00,1,4,57
3233500,2,45,0,569.17,4500.00,1,1,22,120,158241,0.0000,2773,2657,59,34150.00,1,4,46
3234500,3,35,0,650.69,5100.00,1,1,21,96,101222,0.0000,1921,1891,47,31233.33,1,4,35
3236500,1,50,0,528.06,4000.00,1,1,23,120,163442,0.0000,2776,2659,59,31683.33,1,4,48
3242500,6,46,0,554.17,7000.00,2,2,22,144,189013,0.0000,3590,3397,70,39900.00,1,4,44
3248500,5,62,0,663.19,4600.00,1,1,16,144,220820,0.0000,3691,3532,71,47750.00,1,4,60
3248500,14,48,0,553.06,7100.00,0,0,18,120,171111,0.0000,2994,2871,60,33183.33,1,4,44
3253000,7,39,0,561.11,5966.67,0,0,20,120,144297,0.0000,2658,2552,60,33666.67,1,4,40
3256500,11,45,0,783.33,5900.00,1,1,20,119,128605,0.0000,2593,2493,59,47000.00,0,4,38
3256500,13,38,0,478.33,5600.00,1,1,23,120,162106,0.0000,2952,2862,59,28700.00,1,4,36
3258500,12,30,0,555.56,6500.00,1,1,20,96,98330,0.0000,2024,1980,47,26666.67,1,4,30
3261500,15,32,0,560.42,6000.00,0,0,17,95,90072,0.0000,1995,1974,48,26900.00,1,4,33
3268500,8,13,0,276.67,5500.00,1,1,10,119,58284,0.0000,2748,2656,59,16600.00,0,4,12
3268500,4,35,0,616.67,6000.00,0,0,24,120,151379,0.0000,2802,2673,60,37000.00,1,4,36
3272500,0,27,0,441.20,6277.78,1,2,14,93,78422,0.0000,1949,1926,47,21177.78,1,4,27
3280500,9,41,0,340.28,4600.00,0,0,21,142,204910,0.0000,3589,3380,72,24500.00,1,4,42
3281500,10,55,0,468.06,5500.00,1,1,21,141,244419,0.0000,3611,3424,71,33700.00,1,4,55
3283500,2,31,0,371.39,4000.00,0,1,12,117,98789,0.0000,2805,2684,60,22283.33,1,4,27
3286500,1,48,0,637.50,6000.00,1,1,22,119,163623,0.0000,2824,2704,59,38250.00,0,4,45
3287500,3,24,0,290.62,7100.00,2,2,18,96,78062,0.0000,1944,1914,46,13950.00,1,4,23
3292500,6,47,0,567.36,4900.00,2,2,22,143,208736,0.0000,3637,3444,70,40850.00,1,4,47
3298500,5,59,0,657.64,5000.00,1,2,22,141,263323,0.0000,3750,3590,71,47350.00,1,4,58
3298500,14,63,0,552.50,4600.00,0,0,20,117,209031,0.0000,3057,2934,60,33150.00,0,4,63
3303000,7,34,0,558.33,5850.00,1,1,13,117,102780,0.0000,2691,2585,59,33500.00,1,4,33
3306500,11,51,0,627.14,5000.00,2,2,15,116,138231,0.0000,2643,2537,58,37628.57,1,4,44
3306500,13,69,0,522.64,4833.33,1,1,21,120,199596,0.0000,3017,2918,59,31358.33,1,4,56
3315500,15,43,0,857.29,6000.00,1,1,19,96,107730,0.0000,2037,2016,47,41150.00,1,4,42
3318500,8,37,0,656.67,6100.00,0,0,15,120,136450,0.0000,2786,2693,60,39400.00,1,4,37
3323500,0,22,0,668.75,9500.00,1,1,16,96,67796,0.0000,1971,1948,47,32100.00,1,4,22
3326500,12,38,0,450.69,5300.00,1,1,18,96,98020,0.0000,2062,2018,47,21633.33,1,4,38
3327500,4,37,0,696.11,7100.00,1,1,17,120,129145,0.0000,2838,2707,59,41766.67,1,4,34
3330500,9,56,0,712.50,4700.00,2,2,23,143,225044,0.0000,3643,3433,70,51300.00,0,4,53
3331500,10,39,0,594.44,4000.00,1,1,21,144,165278,0.0000,3650,3463,71,42800.00,1,4,39
3334500,2,38,0,565.15,5900.00,1,1,24,120,156803,0.0000,2842,2721,59,33909.09,1,4,37
3336500,1,51,0,473.75,5325.00,0,0,20,118,163819,0.0000,2876,2755,60,28425.00,0,4,51
3339500,3,19,0,545.83,5000.00,1,1,14,96,63533,0.0000,1964,1934,47,26200.00,1,4,20
3342500,6,62,0,664.35,4900.00,2,3,15,142,212123,0.0000,3699,3502,70,47833.33,1,4,58
3348500,5,48,0,588.89,4200.00,1,1,27,144,245859,0.0000,3798,3638,71,42400.00,1,4,48
3352500,14,28,0,447.22,5000.00,1,1,18,120,132655,0.0000,3084,2961,59,26833.33,1,4,27
3353000,7,41,0,615.56,5700.00,1,1,19,119,138115,0.0000,2731,2623,59,36933.33,1,4,38
3356500,13,32,0,445.56,4500.00,1,1,14,117,129095,0.0000,3049,2950,59,26733.33,0,4,32
3356500,11,31,0,487.01,6187.50,0,0,18,120,122668,0.0000,2676,2570,60,29220.83,1,4,33
3367500,15,32,0,420.83,4500.00,1,1,20,96,103714,0.0000,2069,2048,47,20200.00,1,4,32
3369500,8,38,0,550.00,6100.00,1,1,20,120,143649,0.0000,2823,2730,59,33000.00,1,4,37
3373500,0,23,0,564.93,5250.00,1,1,14,94,70561,0.0000,1994,1971,47,27116.67,0,4,23
3376500,12,38,0,701.04,7100.00,1,1,20,94,105848,0.0000,2100,2056,47,33650.00,1,4,38
3377500,4,49,0,675.00,7100.00,0,0,21,120,171973,0.0000,2888,2756,60,40500.00,1,4,49
3380500,9,61,0,557.28,5233.33,1,1,23,140,252934,0.0000,3705,3495,71,40123.81,1,4,62
3381500,10,75,0,410.09,4750.00,2,2,15,142,268257,0.0000,3684,3497,70,29526.19,1,4,39
3386500,1,85,0,570.28,5100.00,1,1,14,120,230615,0.0000,2912,2790,59,34216.67,1,4,40
3387500,2,55,0,670.00,6900.00,1,1,21,120,189719,0.0000,2897,2775,59,40200.00,1,4,54
3395500,6,54,0,508.33,5650.00,1,1,26,144,240021,0.0000,3754,3552,71,36600.00,1,4,50
3398500,5,65,0,599.07,5300.00,2,3,17,141,238750,0.0000,3862,3701,70,43133.33,1,4,63
3402500,14,39,0,400.95,4857.14,0,1,24,117,187811,0.0000,3124,3001,60,24057.14,1,4,40
3403000,7,39,0,568.33,7300.00,1,1,22,117,155948,0.0000,2770,2661,59,34100.00,1,4,38
3406500,3,27,0,641.67,6500.00,1,1,16,96,78029,0.0000,1991,1961,47,30800.00,1,4,27
3407500,13,28,0,496.67,6100.00,1,1,15,120,112669,0.0000,3077,2978,59,29800.00,1,4,28
3417500,11,16,0,376.67,6100.00,1,1,13,120,72198,0.0000,2691,2585,59,22600.00,1,4,15
3419500,8,51,0,884.72,6100.00,0,0,18,119,159826,0.0000,2875,2781,60,53083.33,0,4,51
3422500,15,21,0,422.92,5100.00,1,1,17,96,78274,0.0000,2090,2069,47,20300.00,1,4,21
3423500,0,22,0,582.29,8100.00,1,2,12,93,63444,0.0000,2016,1993,47,27950.00,1,4,22
3427500,12,13,0,453.47,5100.00,1,1,11,96,49522,0.0000,2113,2069,47,21766.67,1,4,13
3429500,4,23,0,520.00,6000.00,1,1,16,120,99627,0.0000,2910,2778,59,31200.00,1,4,22
3430500,9,50,0,525.64,5100.00,1,1,22,142,239262,0.0000,3755,3545,71,37846.15,1,4,50
3431500,10,75,0,655.56,4950.00,0,0,18,142,289686,0.0000,3755,3568,72,47200.00,1,4,71
3436500,1,135,0,321.67,3100.00,2,2,0,119,280399,0.0000,2946,2824,58,19300.00,0,4,34
3439500,2,41,0,466.11,6350.00,2,2,19,120,137004,0.0000,2937,2815,58,27966.67,1,4,40
3446500,6,78,0,559.49,4933.33,1,1,22,144,279971,0.0000,3832,3623,71,40283.33,1,4,71
3448500,5,56,0,556.48,4100.00,2,2,20,141,234982,0.0000,3917,3755,70,40066.67,1,4,54
3452500,14,44,0,709.92,7045.45,0,1,19,117,178272,0.0000,3168,3044,60,42595.45,1,4,43
3453000,7,78,0,888.41,8200.00,0,0,20,120,193620,0.0000,2840,2724,60,53304.76,1,4,63
3458500,13,47,0,460.83,4850.00,0,0,19,120,153178,0.0000,3125,3026,60,27650.00,1,4,48
3459500,3,34,0,535.42,6000.00,1,1,17,96,94916,0.0000,2025,1995,47,25700.00,1,4,34
3467500,11,63,0,874.51,6300.00,2,2,19,117,185588,0.0000,2749,2642,58,52470.83,0,4,57
3469500,8,54,0,580.00,5900.00,0,0,25,118,185310,0.0000,2929,2830,60,34800.00,1,4,49
3472500,15,26,0,541.67,5000.00,1,1,13,95,79135,0.0000,2116,2095,47,26000.00,1,4,26
3481000,9,65,0,582.41,4100.00,0,0,24,144,268315,0.0000,3821,3605,72,41933.33,1,4,60
3482500,10,83,0,761.81,5800.00,1,1,20,144,280999,0.0000,3832,3639,71,54850.00,1,4,71
3483500,12,24,0,662.50,5000.00,1,1,12,96,64566,0.0000,2137,2092,47,31800.00,1,4,23
3483500,0,29,0,589.58,6100.00,1,1,20,96,92415,0.0000,2045,2022,47,28300.00,1,4,29
3486500,1,122,0,334.07,5000.00,2,3,0,116,283456,0.0000,2968,2846,58,20044.44,0,4,22
3487500,4,41,0,577.78,4600.00,2,2,21,120,159576,0.0000,2950,2818,58,34666.67,1,4,40
3489500,2,59,0,710.83,4850.00,1,1,18,115,187810,0.0000,2996,2873,59,42650.00,0,4,58
3496500,6,86,0,627.31,5500.00,2,3,22,142,292653,0.0000,3914,3690,70,45166.67,1,4,67
3499500,5,41,0,436.11,4100.00,1,1,22,144,234244,0.0000,3959,3797,71,31400.00,1,4,42
3502500,14,46,0,611.67,7400.00,0,0,16,115,162502,0.0000,3214,3090,60,36700.00,0,4,46
3503000,7,65,0,622.31,5000.00,2,2,16,117,181684,0.0000,2902,2780,58,37338.89,1,4,56
3508500,13,23,0,370.83,4900.00,0,1,9,117,97188,0.0000,3148,3049,60,22250.00,1,4,23
3509500,3,41,0,547.40,5100.00,1,1,21,96,114958,0.0000,2066,2036,47,26275.00,1,4,41
3519500,8,30,0,535.00,6000.00,2,2,18,120,119434,0.0000,2957,2858,58,32100.00,1,4,28
3519500,11,95,0,646.11,6100.00,1,1,17,120,206123,0.0000,2833,2711,59,38766.67,1,4,69
3524500,15,73,0,733.59,9900.00,1,1,14,96,120946,0.0000,2176,2146,47,35212.50,1,4,51
3532500,9,47,0,434.49,3333.33,1,1,17,144,199469,0.0000,3867,3650,71,31283.33,1,4,45
3533500,10,107,0,891.78,7400.00,0,0,15,144,294609,0.0000,3934,3719,72,64208.33,1,4,80
3533500,12,33,0,449.65,5233.33,1,2,14,93,90738,0.0000,2170,2125,47,21583.33,1,4,33
3534000,0,50,0,868.75,6600.00,0,0,21,96,133024,0.0000,2096,2073,48,41700.00,1,4,51
3536500,1,130,0,797.30,5500.00,1,1,8,119,270282,0.0000,3029,2905,59,47837.88,1,4,59
3538500,4,40,0,769.44,6100.00,1,1,15,120,136312,0.0000,2991,2859,59,46166.67,1,4,41
3539500,2,45,0,506.53,6300.00,1,1,20,120,170830,0.0000,3041,2918,59,30391.67,1,4,45
3546500,6,86,0,791.91,6812.50,2,2,19,141,302602,0.0000,4000,3770,70,57017.63,1,4,80
3552500,5,55,0,741.67,5900.00,1,1,22,144,252554,0.0000,4014,3850,71,53400.00,1,4,53
3554500,7,72,0,776.47,6850.00,1,1,21,120,191275,0.0000,2969,2840,59,46588.10,1,4,60
3554500,14,55,0,638.89,6933.33,1,1,28,120,221333,0.0000,3268,3144,59,38333.33,1,4,54
3558500,13,75,0,721.39,5000.00,1,1,16,117,215465,0.0000,3219,3107,59,43283.33,1,4,58
3560500,3,48,0,720.83,5700.00,0,0,21,96,121496,0.0000,2112,2078,48,34600.00,1,4,42
3569500,11,45,0,598.33,6900.00,0,0,23,120,180470,0.0000,2879,2757,60,35900.00,1,4,46
3569500,8,33,0,575.28,5900.00,1,1,15,120,117836,0.0000,2991,2891,59,34516.67,1,4,33
3575500,15,31,0,702.08,5100.00,1,1,16,96,95134,0.0000,2207,2177,47,33700.00,1,4,31
3582500,9,44,0,681.25,6100.00,0,1,15,141,194718,0.0000,3912,3695,72,49050.00,1,4,45
3583500,10,63,0,607.52,4850.00,1,1,23,143,262622,0.0000,3996,3780,71,43741.67,1,4,61
3585500,12,27,0,575.69,4333.33,1,1,20,96,98394,0.0000,2197,2152,47,27633.33,1,4,27
3586500,1,28,0,512.36,7375.00,2,2,17,119,116834,0.0000,3056,2932,58,30741.67,0,4,27
3586500,0,9,0,302.08,4000.00,1,1,8,96,31162,0.0000,2104,2081,47,14500.00,1,4,8
3589500,2,28,0,415.83,4500.00,1,1,19,119,134919,0.0000,3069,2946,59,24950.00,0,4,28
3591500,4,29,0,385.56,6100.00,1,1,17,120,109177,0.0000,3020,2887,59,23133.33,1,4,28
3596500,6,46,0,622.92,6600.00,0,0,20,143,212702,0.0000,4048,3818,72,44850.00,1,4,48
3603500,5,48,0,490.28,5250.00,1,1,21,144,228480,0.0000,4062,3898,71,35300.00,1,4,48
3604500,7,45,0,554.72,5300.00,0,0,17,118,151595,0.0000,3015,2883,60,33283.33,1,4,43
3604500,14,55,0,564.44,5166.67,2,2,19,117,193631,0.0000,3322,3197,58,33866.67,1,4,53
3608500,13,37,0,485.12,5000.00,1,1,21,117,159306,0.0000,3256,3140,59,29107.14,0,4,33
3616500,3,22,0,527.08,6000.00,1,1,11,96,60559,0.0000,2133,2099,47,25300.00,1,4,21
3620500,8,34,0,620.28,5250.00,1,1,20,120,139635,0.0000,3025,2925,59,37216.67,1,4,34
3620500,11,62,0,615.83,6600.00,1,1,21,120,186601,0.0000,2940,2812,59,36950.00,1,4,55
3626500,15,27,0,450.00,6500.00,1,1,16,96,85477,0.0000,2234,2204,47,21600.00,1,4,27
3632500,9,51,0,660.61,5250.00,2,2,19,142,245490,0.0000,3961,3744,70,47563.64,1,4,49
3633500,10,54,0,560.19,4433.33,0,0,19,144,251314,0.0000,4051,3835,72,40333.33,1,4,55
3635500,12,33,0,596.53,6100.00,1,1,19,95,104201,0.0000,2230,2185,47,28633.33,0,4,33
3636500,1,47,0,555.00,6300.00,0,0,19,117,186190,0.0000,3105,2980,60,33300.00,1,4,48
3636500,0,33,0,558.33,7600.00,0,0,17,93,100645,0.0000,2138,2115,48,26800.00,1,4,34
3641500,4,61,0,810.00,6600.00,2,2,25,116,218631,0.0000,3080,2947,58,48600.00,0,4,60
3646500,6,51,0,500.81,4500.00,2,2,23,142,242126,0.0000,4097,3865,70,36058.33,0,4,47
3648500,2,47,0,520.00,5100.00,1,1,29,120,222767,0.0000,3116,2993,59,31200.00,1,4,47
3653500,5,71,0,765.28,5100.00,0,0,18,142,306614,0.0000,4134,3968,72,55100.00,1,4,70
3654500,14,48,0,723.89,5200.00,0,0,23,120,203227,0.0000,3372,3247,60,43433.33,1,4,50
3654500,7,26,0,384.44,6100.00,1,1,15,120,104279,0.0000,3040,2908,59,23066.67,1,4,25
3658500,13,42,0,472.78,4100.00,2,2,23,120,186518,0.0000,3297,3181,58,28366.67,1,4,41
3670500,8,75,0,800.33,6136.36,2,3,26,117,260965,0.0000,3099,2998,58,48019.70,0,4,73
3671500,11,40,0,710.00,6600.00,1,1,16,120,133107,0.0000,2980,2852,59,42600.00,1,4,40
3677500,15,37,0,732.29,7400.00,1,1,20,96,120053,0.0000,2271,2241,47,35150.00,1,4,37
3684500,10,56,0,603.94,4100.00,1,1,22,144,247047,0.0000,4106,3888,71,43483.33,1,4,53
3684500,9,70,0,503.69,4750.00,1,1,28,144,336381,0.0000,4032,3813,71,36265.38,1,4,69
3686500,0,15,0,337.50,5100.00,0,0,11,96,44588,0.0000,2153,2130,48,16200.00,1,4,15
3687500,1,18,0,378.33,4500.00,0,0,11,120,80714,0.0000,3123,2998,60,22700.00,1,4,18
3690500,3,44,0,677.08,6100.00,1,1,28,96,148576,0.0000,2177,2142,47,32500.00,1,4,43
3691500,4,64,0,771.67,7100.00,0,0,23,120,226389,0.0000,3141,3006,60,46300.00,1,4,59
3694500,12,35,0,621.88,6050.00,1,1,18,96,107964,0.0000,2265,2220,47,29850.00,1,4,35
3696500,6,52,0,563.19,4250.00,0,1,22,142,256824,0.0000,4151,3913,72,40550.00,1,4,48
3698500,2,30,0,406.67,4600.00,0,0,20,119,153469,0.0000,3147,3024,60,24400.00,1,4,31
3704500,7,48,0,706.17,6875.00,2,4,15,117,164127,0.0000,3087,2953,58,42370.45,1,4,45
3705500,14,33,0,585.00,7300.00,0,0,16,120,137139,0.0000,3405,3280,60,35100.00,1,4,33
3705500,5,53,0,618.52,4600.00,1,1,26,144,287573,0.0000,4186,4019,71,44533.33,1,4,51
3708500,13,28,0,484.17,6000.00,0,0,14,119,118299,0.0000,3326,3208,60,29050.00,0,4,27
3721500,8,47,0,647.92,6500.00,1,1,19,120,169497,0.0000,3147,3046,59,38875.00,1,4,48
3721500,11,66,0,794.01,6500.00,2,2,19,114,192696,0.0000,3036,2907,58,47640.48,1,4,55
3727500,15,39,0,507.29,5100.00,1,1,12,94,85743,0.0000,2304,2268,47,24350.00,1,4,27
3734500,10,54,0,500.13,5142.86,1,1,21,142,246679,0.0000,4160,3941,71,36009.52,1,4,53
3734500,9,40,0,380.56,4000.00,1,1,22,144,233915,0.0000,4072,3853,71,27400.00,1,4,40
3737500,0,37,0,589.58,5300.00,1,1,19,96,105380,0.0000,2189,2166,47,28300.00,1,4,36
3738500,1,36,0,583.33,5000.00,1,1,17,120,138767,0.0000,3158,3033,59,35000.00,1,4,35
3740500,3,49,0,967.88,7000.00,1,2,17,93,136597,0.0000,2226,2191,47,46458.33,1,4,49
3741500,4,41,0,592.50,5433.33,2,2,22,117,181556,0.0000,3180,3045,58,35550.00,0,4,39
3745000,12,28,0,638.54,7250.00,1,1,19,94,105035,0.0000,2293,2248,47,30650.00,1,4,28
3747000,6,64,0,457.58,5312.50,0,0,19,141,267979,0.0000,4215,3973,72,32945.83,0,4,60
3748500,2,66,0,699.72,6300.00,1,1,18,116,201648,0.0000,3212,3087,59,41983.33,1,4,63
3755500,7,78,0,1077.34,10500.00,0,0,22,120,224060,0.0000,3158,3015,60,64640.48,1,4,62
3756000,14,33,0,428.33,5500.00,0,0,23,120,177977,0.0000,3437,3311,60,25700.00,1,4,31
3756500,5,47,0,558.33,5900.00,1,1,14,144,193861,0.0000,4232,4057,71,40200.00,1,4,38
3758500,13,25,0,271.67,4100.00,1,1,18,120,135273,0.0000,3350,3232,59,16300.00,1,4,24
3771500,11,63,0,848.50,6538.46,1,2,19,117,208757,0.0000,3100,2970,59,50909.89,1,4,63
3771500,8,51,0,746.11,6766.67,1,1,24,119,208989,0.0000,3198,3097,59,44766.67,1,4,51
3784500,10,60,0,644.21,4700.00,1,1,23,142,282176,0.0000,4220,4001,71,46383.33,1,4,60
3784500,9,72,0,592.59,4700.00,1,2,22,141,295740,0.0000,4144,3923,71,42666.67,1,4,70
3787500,15,24,0,503.47,7400.00,1,1,21,96,100333,0.0000,2328,2292,47,24166.67,1,4,24
3788500,0,30,0,501.04,5350.00,0,0,16,96,98235,0.0000,2220,2197,48,24050.00,1,4,31
3789500,1,78,0,681.11,6700.00,1,1,21,119,230068,0.0000,3232,3097,59,40866.67,0,4,64
3790500,3,78,0,1088.19,9300.00,0,0,12,94,128803,0.0000,2290,2245,48,52233.33,1,4,54
3791500,4,39,0,645.00,6350.00,0,0,17,120,153378,0.0000,3221,3086,60,38700.00,1,4,41
3795000,12,33,0,536.22,8038.46,1,1,17,93,106433,0.0000,2326,2281,47,25738.46,1,4,33
3798500,2,50,0,579.44,4100.00,1,1,22,120,192977,0.0000,3262,3135,59,34766.67,1,4,48
3801500,6,75,0,582.41,5100.00,2,2,21,144,280483,0.0000,4288,4037,70,41933.33,1,4,64
3806500,5,73,0,812.50,4800.00,0,0,19,143,311254,0.0000,4306,4129,72,58500.00,0,4,72
3806500,14,31,0,353.33,4100.00,1,1,19,120,156337,0.0000,3467,3341,59,21200.00,1,4,30
3809500,13,57,0,630.00,6250.00,1,1,20,120,211779,0.0000,3406,3285,59,37800.00,1,4,53
3811500,7,87,0,890.28,6600.00,1,1,16,120,201170,0.0000,3228,3073,59,53416.67,1,4,58
3822000,11,24,0,542.24,8625.00,1,1,17,118,122298,0.0000,3124,2994,59,32534.52,1,4,24
3828500,8,23,0,363.33,6100.00,1,1,18,120,124379,0.0000,3221,3120,59,21800.00,1,4,23
3834500,10,59,0,572.74,4100.00,2,2,21,141,281989,0.0000,4278,4058,70,41237.50,1,4,57
3834500,9,65,0,589.80,5416.67,3,3,20,139,276484,0.0000,4207,3981,69,42465.91,0,4,58
3838500,15,31,0,463.54,4950.00,0,0,21,96,117734,0.0000,2360,2323,48,22250.00,1,4,31
3838500,0,16,0,252.08,4600.00,1,1,13,96,59535,0.0000,2235,2212,47,12100.00,1,4,15
3839500,1,27,0,635.00,7000.00,1,1,16,120,124442,0.0000,3259,3124,59,38100.00,1,4,27
3840500,3,14,0,254.17,5100.00,1,1,13,95,58536,0.0000,2303,2258,47,12200.00,1,4,13
3842500,4,26,0,382.50,4750.00,1,1,15,120,117753,0.0000,3246,3111,59,22950.00,1,4,25
3846500,12,26,0,433.33,3400.00,1,1,15,96,89575,0.0000,2352,2307,47,20800.00,1,4,26
3848500,2,30,0,435.83,5250.00,1,1,13,120,113485,0.0000,3292,3164,59,26150.00,1,4,29
3851500,6,53,0,610.65,4766.67,0,0,20,142,248009,0.0000,4343,4091,72,43966.67,1,4,54
3856500,5,51,0,589.58,5550.00,0,0,14,144,224384,0.0000,4357,4178,72,42450.00,1,4,49
3856500,14,47,0,493.33,5100.00,1,2,21,117,215414,0.0000,3514,3388,59,29600.00,1,4,47
3860500,13,48,0,485.00,4500.00,2,2,12,120,152151,0.0000,3451,3323,58,29100.00,1,4,38
3861500,7,40,0,581.67,6300.00,0,0,14,118,157724,0.0000,3269,3112,60,34900.00,0,4,39
3875500,11,54,0,502.22,7833.33,1,1,27,120,232636,0.0000,3178,3048,59,30133.33,1,4,54
3878500,8,55,0,644.17,5850.00,1,1,18,119,182301,0.0000,3275,3166,59,38650.00,1,4,46
3884500,9,67,0,595.78,5166.67,1,1,21,142,276604,0.0000,4274,4042,71,42896.43,1,4,61
3884500,10,78,0,809.26,7200.00,1,1,22,144,323466,0.0000,4357,4135,71,58266.67,1,4,77
3888500,15,17,0,337.50,4000.00,1,1,13,96,65297,0.0000,2376,2339,47,16200.00,1,4,16
3889500,0,36,0,693.75,6300.00,1,1,16,96,104824,0.0000,2271,2248,47,33300.00,1,4,36
3889500,1,58,0,593.89,6150.00,1,1,14,118,163850,0.0000,3316,3177,59,35633.33,0,4,53
3890500,3,31,0,566.67,5400.00,1,1,21,96,118227,0.0000,2334,2289,47,27200.00,1,4,31
3892500,4,47,0,777.50,5600.00,1,1,17,120,169385,0.0000,3293,3158,59,46650.00,1,4,47
3898500,2,54,0,741.94,5100.00,1,1,25,120,229768,0.0000,3346,3218,59,44516.67,1,4,54
3899500,12,29,0,522.22,7266.67,1,1,19,96,109185,0.0000,2381,2336,47,25066.67,1,4,29
3901500,6,96,0,925.00,6200.00,1,1,18,140,326675,0.0000,4433,4168,71,66600.00,0,4,77
3906500,5,77,0,624.19,6200.00,1,1,19,143,341573,0.0000,4433,4252,71,44941.67,0,4,74
3906500,14,40,0,614.44,6650.00,1,1,19,117,173682,0.0000,3554,3427,59,36866.67,1,4,39
3910500,13,58,0,775.00,6200.00,0,0,18,120,184029,0.0000,3506,3370,60,46500.00,1,4,47
3911500,7,53,0,605.83,5250.00,0,0,22,117,200892,0.0000,3321,3163,60,36350.00,0,4,51
3925500,11,22,0,506.67,6300.00,1,1,13,120,104064,0.0000,3200,3070,59,30400.00,1,4,22
3929500,8,42,0,598.89,6300.00,0,0,16,120,165873,0.0000,3318,3209,60,35933.33,1,4,43
3934500,9,45,0,560.30,4950.00,1,2,24,141,264165,0.0000,4319,4085,71,40341.67,1,4,43
3934500,10,40,0,484.95,5750.00,2,2,16,140,207610,0.0000,4396,4174,70,34916.67,1,4,39
3943000,4,48,0,580.56,6100.00,0,0,14,120,152747,0.0000,3342,3205,60,34833.33,1,4,47
3944500,15,20,0,431.25,5500.00,1,1,16,96,84587,0.0000,2396,2359,47,20700.00,1,4,20
3945500,1,30,0,475.56,4500.00,1,1,20,120,156442,0.0000,3346,3207,59,28533.33,1,4,30
3945500,0,17,0,483.33,6100.00,1,1,9,96,56441,0.0000,2288,2265,47,23200.00,1,4,17
3946500,3,36,0,520.14,6500.00,1,1,21,96,113070,0.0000,2370,2323,47,24966.67,1,4,34
3949500,2,51,0,710.00,6100.00,2,2,17,120,191375,0.0000,3396,3267,58,42600.00,1,4,49
3950500,12,42,0,619.44,8100.00,1,1,27,96,158045,0.0000,2423,2378,47,29733.33,1,4,42
3951500,6,79,0,609.57,5714.29,1,1,15,142,256168,0.0000,4506,4231,71,43889.29,1,4,63
3956500,5,64,0,684.72,5100.00,0,0,21,141,282787,0.0000,4498,4316,72,49300.00,1,4,64
3956500,14,32,0,535.83,7250.00,1,1,18,120,158421,0.0000,3586,3458,59,32150.00,1,4,31
3960500,13,58,0,580.83,5450.00,0,1,27,117,251613,0.0000,3564,3428,60,34850.00,1,4,58
3961500,7,40,0,559.44,5300.00,1,1,20,120,184670,0.0000,3360,3202,59,33566.67,1,4,39
3975500,11,47,0,837.22,8000.00,1,1,15,117,166971,0.0000,3247,3115,59,50233.33,0,4,45
3979500,8,47,0,631.39,4750.00,3,4,19,117,184187,0.0000,3362,3253,57,37883.33,0,4,44
3984500,10,56,0,566.38,4000.00,2,2,28,143,306708,0.0000,4452,4228,70,40779.17,0,4,54
3985000,9,83,0,597.92,6000.00,0,0,19,144,271758,0.0000,4401,4147,72,43050.00,1,4,62
3993000,4,37,0,641.94,5500.00,1,1,20,118,174021,0.0000,3378,3241,59,38516.67,1,4,36
3995000,15,49,0,805.21,8100.00,0,0,16,96,111725,0.0000,2438,2391,48,38650.00,1,4,32
3995500,0,45,0,838.43,6400.00,0,1,22,93,144125,0.0000,2334,2310,48,40244.44,1,4,45
3995500,1,58,0,637.96,5250.00,2,2,19,116,204170,0.0000,3403,3264,58,38277.49,1,4,57
3996500,3,32,0,762.50,8300.00,1,1,20,96,114713,0.0000,2402,2355,47,36600.00,1,4,32
3999500,2,48,0,546.11,6100.00,1,1,17,119,197565,0.0000,3445,3314,59,32766.67,1,4,47
4002500,6,24,0,464.81,5666.67,0,0,16,144,165533,0.0000,4531,4256,72,33466.67,1,4,25
4005500,12,31,0,544.79,6000.00,1,1,19,96,110176,0.0000,2454,2409,47,26150.00,1,4,31
4006500,5,34,0,455.56,4600.00,1,1,25,142,233897,0.0000,4531,4348,71,32800.00,0,4,32
4007000,14,39,0,438.06,4400.00,1,1,19,119,184387,0.0000,3625,3497,59,26283.33,1,4,39
4010500,13,33,0,474.17,4500.00,1,1,16,119,158482,0.0000,3596,3459,59,28450.00,0,4,31
4016500,7,57,0,736.25,9300.00,1,1,19,120,203512,0.0000,3409,3250,59,44175.00,1,4,48
4025500,11,33,0,434.44,7100.00,1,1,21,120,159720,0.0000,3280,3148,59,26066.67,1,4,33
4029500,8,58,0,838.75,6500.00,1,1,18,120,200190,0.0000,3422,3302,59,50325.00,1,4,49
4035000,9,42,0,521.53,5100.00,1,1,21,141,241762,0.0000,4442,4188,71,37550.00,1,4,41
4043000,4,32,0,731.94,6500.00,0,0,16,117,156278,0.0000,3411,3273,60,43916.67,1,4,32
4045500,1,31,0,379.76,4269.23,1,1,21,120,160812,0.0000,3435,3296,59,22785.90,1,4,32
4045500,10,81,0,534.72,4950.00,1,1,10,144,301257,0.0000,4490,4266,71,38500.00,1,4,43
4046500,3,33,0,472.92,5000.00,1,1,19,95,123390,0.0000,2435,2388,47,22700.00,0,4,33
4046500,0,19,0,575.69,6300.00,1,1,15,96,74208,0.0000,2352,2328,47,27633.33,1,4,18
4048500,15,25,0,380.90,4850.00,1,1,15,96,79311,0.0000,2462,2415,47,18283.33,1,4,24
4049500,2,48,0,625.83,4250.00,1,1,19,117,206905,0.0000,3493,3359,59,37550.00,1,4,45
4053500,6,45,0,406.25,4100.00,2,2,23,144,235269,0.0000,4574,4298,70,29250.00,1,4,42
4055500,12,37,0,674.31,6666.67,0,0,19,95,128711,0.0000,2492,2446,48,32366.67,1,4,37
4057000,14,37,0,549.86,6250.00,1,1,20,117,189859,0.0000,3662,3534,59,32991.67,1,4,37
4057000,5,51,0,636.81,5600.00,0,0,18,143,249248,0.0000,4583,4399,72,45850.00,0,4,51
4060500,13,47,0,606.11,5100.00,1,1,24,119,229773,0.0000,3643,3502,59,36366.67,1,4,43
4066500,7,46,0,409.44,4366.67,1,1,21,120,209544,0.0000,3455,3296,59,24566.67,1,4,46
4075500,11,45,0,559.17,5750.00,0,1,22,117,199644,0.0000,3326,3192,60,33550.00,1,4,44
4081500,8,44,0,793.33,6750.00,1,1,16,120,166130,0.0000,3465,3341,59,47600.00,1,4,39
4085500,9,43,0,504.07,4642.86,1,1,27,144,277819,0.0000,4485,4231,71,36292.86,1,4,43
4093000,4,58,0,808.75,6000.00,1,1,21,116,234246,0.0000,3468,3328,59,48525.00,0,4,55
4095500,1,31,0,400.28,6100.00,1,1,17,119,149053,0.0000,3466,3327,59,24016.67,1,4,32
4095500,10,93,0,613.19,5100.00,2,2,15,143,386614,0.0000,4542,4317,70,44150.00,0,4,56
4096500,0,25,0,498.26,5000.00,1,1,12,96,77267,0.0000,2377,2353,47,23916.67,1,4,25
4097500,3,43,0,441.67,5100.00,1,1,23,96,144526,0.0000,2478,2431,47,21200.00,1,4,43
4098500,15,41,0,593.40,6433.33,0,0,18,94,131555,0.0000,2504,2456,48,28483.33,0,4,41
4100500,2,81,0,694.44,5750.00,1,1,19,120,247951,0.0000,3574,3434,59,41666.67,1,4,75
4103500,6,74,0,628.88,5000.00,1,2,24,141,360176,0.0000,4649,4373,71,45279.17,1,4,75
4105500,12,26,0,482.75,5000.00,0,1,16,93,103256,0.0000,2518,2472,48,23172.22,1,4,26
4107000,5,65,0,597.57,5000.00,1,1,23,141,336428,0.0000,4647,4459,71,43025.00,1,4,60
4107000,14,41,0,701.39,6000.00,1,1,16,115,170394,0.0000,3701,3571,59,42083.33,1,4,37
4110500,13,34,0,443.89,5000.00,2,2,17,120,154829,0.0000,3676,3535,58,26633.33,1,4,33
4117500,7,61,0,745.83,6000.00,1,1,18,120,226410,0.0000,3516,3355,59,44750.00,1,4,59
4125500,11,45,0,767.22,7500.00,1,1,21,119,186470,0.0000,3370,3236,59,46033.33,0,4,44
4134500,8,37,0,688.61,6100.00,1,1,17,120,157960,0.0000,3502,3378,59,41316.67,1,4,37
4135500,9,39,0,511.11,5400.00,0,0,19,143,229493,0.0000,4525,4271,72,36800.00,0,4,40
4143000,4,53,0,657.08,5400.00,0,0,22,120,204363,0.0000,3518,3371,60,39425.00,1,4,43
4145500,1,125,0,445.00,5000.00,1,1,0,120,333845,0.0000,3491,3352,59,26700.00,1,4,29
4145500,10,63,0,698.58,7500.00,1,1,19,142,252118,0.0000,4605,4370,71,50297.62,1,4,53
4148000,3,28,0,589.58,6500.00,0,0,14,96,102781,0.0000,2507,2460,48,28300.00,1,4,29
4148500,15,34,0,586.11,4833.33,1,2,21,93,128544,0.0000,2537,2489,47,28133.33,1,4,33
4149500,0,28,0,627.08,5100.00,1,1,14,96,85143,0.0000,2405,2375,47,30100.00,1,4,22
4151500,2,28,0,390.00,5000.00,0,0,16,120,148303,0.0000,3603,3463,60,23400.00,1,4,29
4153500,6,43,0,667.01,5500.00,0,0,16,144,219764,0.0000,4693,4417,72,48025.00,1,4,44
4155500,12,35,0,487.36,4666.67,2,2,18,92,116961,0.0000,2551,2505,46,23393.45,1,4,33
4157000,5,42,0,563.99,4750.00,1,1,22,143,255358,0.0000,4689,4500,71,40607.14,1,4,41
4157500,14,41,0,650.83,7750.00,0,0,19,120,201273,0.0000,3743,3613,60,39050.00,1,4,42
4161500,13,34,0,491.67,6100.00,1,1,20,120,170689,0.0000,3711,3570,59,29500.00,1,4,35
4167500,7,50,0,641.67,5100.00,0,0,21,118,223114,0.0000,3567,3406,60,38500.00,1,4,51
4175500,11,47,0,614.17,5100.00,0,0,21,120,198848,0.0000,3418,3284,60,36850.00,1,4,48
4184500,8,37,0,606.67,7100.00,0,0,18,119,180064,0.0000,3540,3416,60,36400.00,0,4,38
4186500,9,55,0,464.35,5700.00,0,0,21,144,279462,0.0000,4580,4325,72,33433.33,1,4,54
4193000,4,35,0,603.23,6100.00,1,2,20,119,176185,0.0000,3552,3405,59,36193.75,1,4,34
4195500,1,126,0,408.33,5300.00,1,1,0,120,336691,0.0000,3517,3378,59,24500.00,1,4,26
4195500,10,99,0,855.09,5500.00,2,3,25,143,397553,0.0000,4702,4464,70,61566.67,1,4,94
4198500,15,43,0,741.54,6400.00,1,1,16,94,132982,0.0000,2579,2529,47,35593.75,1,4,40
4198500,3,33,0,689.24,6583.33,2,2,13,95,108989,0.0000,2538,2491,46,33083.33,0,4,31
4201500,2,40,0,683.75,6500.00,1,2,18,117,170612,0.0000,3642,3501,59,41025.00,0,4,38
4201500,0,31,0,650.00,6600.00,1,1,21,96,119599,0.0000,2436,2406,47,31200.00,1,4,31
4203500,6,70,0,670.37,5500.00,0,0,18,141,311457,0.0000,4763,4482,72,48266.67,0,4,65
4205500,12,26,0,460.50,4000.00,1,1,15,96,98308,0.0000,2578,2532,47,22104.17,1,4,27
4208500,5,42,0,460.96,5300.00,1,1,20,144,266801,0.0000,4731,4542,71,33188.89,1,4,42
4211500,14,53,0,626.67,5450.00,2,2,24,120,251240,0.0000,3794,3664,58,37600.00,1,4,51
4212500,13,37,0,506.67,4200.00,1,1,19,120,186595,0.0000,3746,3603,59,30400.00,1,4,33
4217500,7,57,0,645.28,5666.67,1,1,25,120,226760,0.0000,3623,3462,59,38716.67,1,4,56
4225500,11,77,0,933.06,5950.00,0,0,14,120,215877,0.0000,3494,3355,60,55983.33,1,4,71
4234500,8,38,0,724.17,5000.00,1,1,15,120,147761,0.0000,3577,3451,59,43450.00,1,4,35
4237000,9,75,0,747.22,5000.00,0,0,21,142,366305,0.0000,4655,4397,72,53800.00,1,4,72
4243000,4,24,0,622.78,7000.00,0,0,10,120,112811,0.0000,3577,3430,60,37366.67,1,4,25
4245500,1,135,0,514.52,5000.00,2,2,0,118,339463,0.0000,3551,3412,58,30871.43,1,4,34
4245500,10,54,0,712.50,8000.00,0,0,23,143,274046,0.0000,4758,4520,72,51300.00,1,4,56
4249000,15,30,0,755.21,8100.00,0,0,15,96,114542,0.0000,2610,2559,48,36250.00,1,4,30
4251500,2,51,0,612.32,5125.00,1,2,23,118,218666,0.0000,3693,3551,59,36739.29,1,4,50
4252500,3,28,0,633.68,7250.00,1,1,15,96,102769,0.0000,2567,2519,47,30416.67,1,4,28
4252500,0,34,0,495.83,4500.00,1,1,20,96,128515,0.0000,2470,2440,47,23800.00,1,4,34
4253500,6,54,0,468.23,5000.00,0,1,24,142,311184,0.0000,4817,4536,72,33712.50,1,4,54
4259500,5,70,0,614.58,5400.00,0,0,22,144,320338,0.0000,4801,4604,72,44250.00,1,4,62
4261500,12,19,0,420.83,6200.00,1,1,15,96,86427,0.0000,2597,2551,47,20200.00,1,4,19
4262500,13,34,0,640.00,6000.00,1,1,13,120,155808,0.0000,3780,3637,59,38400.00,1,4,34
4264500,14,45,0,497.08,4500.00,1,1,14,120,162094,0.0000,3840,3700,59,29825.00,1,4,36
4267500,7,45,0,838.61,6300.00,2,2,23,119,216070,0.0000,3667,3506,58,50316.67,0,4,44
4275500,11,52,0,599.81,5833.33,0,1,20,116,212802,0.0000,3546,3404,60,35988.89,0,4,49
4284500,8,61,0,664.44,6433.33,1,1,19,120,236551,0.0000,3638,3506,59,39866.67,1,4,55
4287500,9,43,0,431.25,4500.00,1,1,20,144,256212,0.0000,4697,4439,71,31050.00,1,4,42
4293500,4,36,0,621.94,5200.00,1,1,22,120,182721,0.0000,3612,3464,59,37316.67,1,4,34
4295500,1,146,0,629.38,5100.00,2,2,0,117,343652,0.0000,3597,3457,58,37762.50,0,4,45
4295500,10,77,0,583.68,5500.00,1,1,19,140,318748,0.0000,4833,4594,71,42025.00,1,4,74
4299000,15,36,0,733.16,6625.00,1,1,24,93,146861,0.0000,2645,2594,47,35191.67,1,4,35
4303000,0,28,0,660.42,5000.00,0,0,15,96,105569,0.0000,2499,2469,48,31700.00,1,4,29
4304500,6,74,0,475.25,5150.00,1,1,25,144,342836,0.0000,4889,4606,71,34217.65,1,4,70
4309500,5,45,0,405.25,4100.00,0,1,15,140,254334,0.0000,4846,4649,72,29177.78,1,4,45
4310500,3,25,0,694.79,7700.00,1,1,16,96,98821,0.0000,2592,2544,47,33350.00,1,4,25
4310500,2,51,0,452.44,5450.00,1,1,29,120,264654,0.0000,3744,3602,59,27146.15,1,4,51
4311500,12,28,0,608.33,6000.00,1,1,16,96,112870,0.0000,2625,2579,47,29200.00,1,4,28
4314500,14,72,0,654.17,5150.00,1,1,23,119,291172,0.0000,3909,3766,59,39250.00,0,4,66
4315500,13,28,0,390.83,5000.00,1,1,15,120,142434,0.0000,3808,3664,59,23450.00,1,4,27
4325500,7,41,0,895.00,7100.00,1,1,23,120,211714,0.0000,3709,3547,59,53700.00,1,4,41
4326500,11,37,0,803.33,7100.00,0,0,22,120,195086,0.0000,3583,3441,60,48200.00,1,4,37
4334500,8,34,0,583.33,5100.00,0,0,18,120,179736,0.0000,3673,3540,60,35000.00,1,4,34
4337500,9,24,0,311.11,4100.00,1,1,12,144,151344,0.0000,4721,4463,71,22400.00,1,4,24
4343500,4,50,0,671.94,6100.00,0,0,21,120,216365,0.0000,3663,3510,60,40316.67,1,4,46
4345500,1,135,0,560.00,6100.00,3,3,0,120,347438,0.0000,3631,3491,57,33600.00,1,4,34
4350500,10,56,0,482.87,5100.00,2,2,24,144,327937,0.0000,4888,4648,70,34766.67,1,4,54
4353000,0,22,0,546.88,4800.00,0,0,13,95,79326,0.0000,2520,2488,48,26250.00,0,4,19
4354500,6,61,0,534.49,4100.00,0,0,20,143,306192,0.0000,4951,4668,72,38483.33,0,4,62
4359500,5,50,0,436.57,4600.00,0,1,26,140,313134,0.0000,4896,4699,72,31433.33,0,4,50
4359500,15,15,0,472.92,9000.00,1,1,13,96,72862,0.0000,2660,2609,47,22700.00,1,4,15
4360500,3,22,0,519.79,5000.00,0,1,10,92,71537,0.0000,2615,2567,48,24950.00,1,4,23
4360500,2,67,0,542.29,5500.00,1,2,15,114,247061,0.0000,3811,3664,59,32537.50,0,4,62
4361500,12,31,0,738.54,7500.00,0,1,15,93,114195,0.0000,2657,2611,48,35450.00,1,4,32
4364500,14,35,0,585.00,6300.00,1,1,18,120,185392,0.0000,3944,3800,59,35100.00,1,4,34
4365500,13,58,0,655.03,5000.00,1,2,16,115,240077,0.0000,3866,3722,59,39301.59,1,4,58
4375500,7,47,0,782.34,5857.14,2,2,20,118,224933,0.0000,3755,3592,58,46940.48,1,4,45
4376500,11,56,0,735.00,6000.00,0,0,17,117,204372,0.0000,3638,3492,60,44100.00,1,4,51
4385000,8,34,0,679.72,6500.00,0,0,20,120,184948,0.0000,3707,3572,60,40783.33,1,4,32
4387500,9,51,0,595.14,5100.00,1,1,23,143,314175,0.0000,4772,4514,71,42850.00,0,4,51
4393500,4,60,0,895.00,6900.00,1,1,18,118,219338,0.0000,3722,3562,59,53700.00,1,4,52
4395500,1,128,0,625.83,6100.00,3,3,4,120,347873,0.0000,3669,3528,57,37550.00,1,4,42
4400500,10,59,0,766.67,5300.00,0,0,22,143,341458,0.0000,4949,4708,72,55200.00,0,4,60
4403000,0,34,0,617.01,5750.00,0,0,19,94,125230,0.0000,2554,2522,48,29616.67,1,4,34
4409500,15,33,0,410.42,6100.00,1,1,21,96,133941,0.0000,2693,2642,47,19700.00,1,4,33
4409500,6,39,0,573.61,4100.00,1,1,24,144,271910,0.0000,4989,4706,71,41300.00,1,4,38
4409500,5,52,0,554.48,4700.00,2,2,24,142,306970,0.0000,4946,4748,70,39922.73,0,4,49
4411500,2,18,0,410.00,4500.00,1,1,16,120,117557,0.0000,3829,3681,59,24600.00,1,4,17
4411500,12,24,0,686.46,7500.00,2,2,18,94,104885,0.0000,2679,2633,46,32950.00,1,4,22
4415500,13,49,0,648.54,5200.00,0,0,21,119,236112,0.0000,3916,3772,60,38912.50,1,4,50
4419500,3,26,0,344.53,5100.00,1,1,20,96,110939,0.0000,2640,2592,47,16537.50,1,4,25
4426500,11,53,0,527.50,4850.00,0,0,24,120,256655,0.0000,3691,3543,60,31650.00,1,4,51
4426500,7,52,0,511.39,5083.33,1,1,23,120,231608,0.0000,3808,3641,59,30683.33,1,4,49
4427500,14,47,0,527.78,5500.00,2,2,24,120,240855,0.0000,3990,3845,58,31666.67,1,4,45
4435000,8,38,0,539.44,5500.00,0,0,15,118,179462,0.0000,3745,3608,60,32366.67,0,4,36
4438500,9,43,0,427.78,4000.00,1,1,22,144,267695,0.0000,4815,4557,71,30800.00,1,4,43
4443500,4,29,0,432.50,5100.00,1,1,16,120,150218,0.0000,3751,3590,59,25950.00,1,4,28
4445500,1,58,0,413.33,5000.00,0,0,14,118,244207,0.0000,3700,3558,60,24800.00,1,4,30
4450500,10,66,0,442.01,4850.00,1,1,23,140,340844,0.0000,5013,4766,71,31825.00,0,4,58
4453500,0,30,0,450.69,4433.33,1,1,23,96,129370,0.0000,2583,2551,47,21633.33,1,4,29
4459500,15,38,0,595.49,5100.00,1,1,19,94,146322,0.0000,2731,2680,47,28583.33,1,4,38
4459500,6,79,0,523.96,4975.00,0,0,19,143,341053,0.0000,5064,4772,72,37725.00,1,4,66
4460000,5,44,0,418.29,4850.00,0,0,23,144,281419,0.0000,4992,4790,72,30116.67,1,4,42
4461500,2,41,0,578.33,6100.00,1,1,23,120,229523,0.0000,3870,3722,59,34700.00,1,4,41
4462000,12,42,0,634.72,4666.67,0,0,21,95,145913,0.0000,2723,2676,48,30466.67,1,4,43
4465500,13,61,0,656.67,5700.00,0,0,18,120,227736,0.0000,3973,3824,60,39400.00,1,4,52
4476500,7,25,0,503.33,6500.00,0,0,12,119,127944,0.0000,3834,3666,60,30200.00,0,4,25
4476500,11,25,0,553.33,5100.00,1,1,15,119,127995,0.0000,3715,3567,59,33200.00,0,4,24
4478000,14,68,0,564.72,5300.00,0,0,25,120,298650,0.0000,4059,3907,60,33883.33,1,4,62
4485000,8,50,0,570.00,5400.00,1,1,22,116,239595,0.0000,3794,3655,59,34200.00,0,4,47
4485500,3,21,0,277.08,2100.00,1,1,14,96,91134,0.0000,2661,2613,47,13300.00,1,4,21
4488500,9,51,0,588.43,5000.00,1,1,20,144,288721,0.0000,4866,4605,71,42366.67,1,4,48
4493500,4,57,0,559.83,6140.00,2,2,19,120,227905,0.0000,3804,3641,58,33590.00,1,4,51
4495500,1,32,0,466.67,4500.00,0,0,25,120,196563,0.0000,3732,3589,60,28000.00,1,4,31
4500500,10,45,0,495.04,4300.00,1,1,20,141,277777,0.0000,5058,4810,71,35642.86,0,4,44
4503500,0,38,0,526.74,7733.33,0,0,21,96,151631,0.0000,2622,2589,48,25283.33,1,4,38
4509500,15,24,0,619.27,5500.00,1,1,10,93,77959,0.0000,2755,2700,47,29725.00,0,4,20
4510000,5,43,0,622.22,5900.00,0,0,18,143,269389,0.0000,5035,4833,72,44800.00,0,4,43
4510500,6,34,0,457.64,4600.00,0,0,16,144,220297,0.0000,5098,4805,72,32950.00,1,4,33
4514500,12,25,0,327.08,4500.00,1,1,20,96,118299,0.0000,2747,2700,47,15700.00,1,4,24
4515500,13,44,0,447.50,4100.00,1,1,28,120,253839,0.0000,4016,3866,59,26850.00,1,4,42
4520500,2,34,0,448.33,5100.00,1,1,22,120,201976,0.0000,3904,3756,59,26900.00,1,4,34
4526500,11,34,0,645.00,5100.00,0,1,15,117,161270,0.0000,3750,3602,60,38700.00,1,4,35
4526500,7,34,0,658.61,6100.00,2,3,13,115,143507,0.0000,3866,3698,58,39516.67,1,4,32
4528000,14,47,0,513.61,4166.67,0,0,21,119,243701,0.0000,4106,3952,60,30816.67,1,4,45
4535000,8,53,0,710.07,5600.00,0,0,25,120,261349,0.0000,3848,3709,60,42603.92,1,4,54
4538500,9,51,0,444.44,4000.00,1,1,19,144,254677,0.0000,4917,4650,71,32000.00,1,4,45
4541500,3,22,0,463.89,5400.00,1,1,18,96,104990,0.0000,2683,2635,47,22266.67,1,4,22
4543500,4,42,0,767.78,7100.00,1,1,19,120,201463,0.0000,3847,3683,59,46066.67,1,4,42
4545500,1,66,0,450.83,6400.00,1,2,7,117,201882,0.0000,3761,3618,59,27050.00,1,4,34
4550500,10,61,0,612.20,6300.00,0,0,23,142,353486,0.0000,5120,4871,72,44078.21,1,4,61
4553500,0,25,0,760.42,8100.00,1,1,15,94,98857,0.0000,2646,2613,47,36500.00,0,4,24
4560500,5,65,0,606.94,4900.00,1,1,18,144,320952,0.0000,5099,4888,71,43700.00,1,4,55
4560500,6,60,0,567.59,5200.00,1,1,21,141,309582,0.0000,5157,4864,71,40866.67,0,4,59
4563500,15,13,0,335.42,5000.00,1,1,12,96,67672,0.0000,2768,2713,47,16100.00,1,4,13
4565500,13,37,0,566.67,6600.00,0,0,16,117,194229,0.0000,4054,3904,60,34000.00,0,4,38
4570500,2,55,0,672.36,5100.00,1,1,23,118,276160,0.0000,3959,3811,59,40341.67,1,4,55
4573500,12,29,0,696.53,6500.00,1,1,16,96,108656,0.0000,2776,2729,47,33433.33,1,4,29
4576500,11,38,0,345.76,4562.50,0,0,30,120,242567,0.0000,3788,3639,60,20745.83,1,4,37
4576500,7,64,0,596.83,4433.33,1,1,26,117,324588,0.0000,3931,3763,59,35809.52,0,4,65
4578000,14,42,0,510.56,7200.00,2,2,20,116,198445,0.0000,4145,3987,58,30633.33,0,4,35
4585500,8,24,0,403.33,4333.33,1,1,14,120,133989,0.0000,3871,3732,59,24200.00,1,4,23
4588500,9,49,0,520.02,5475.00,1,2,23,141,327307,0.0000,4966,4699,71,37441.67,1,4,49
4591500,3,52,0,841.67,5500.00,1,1,28,94,202196,0.0000,2735,2686,47,40400.00,1,4,51
4594500,4,23,0,478.33,5000.00,0,0,14,120,133071,0.0000,3871,3707,60,28700.00,1,4,24
4595500,1,142,0,736.94,6600.00,0,0,3,120,364423,0.0000,3818,3675,60,44216.67,1,4,57
4600500,10,63,0,673.02,6100.00,1,1,20,141,318427,0.0000,5182,4927,71,48457.14,1,4,56
4604500,0,21,0,454.17,5000.00,0,0,17,96,102360,0.0000,2668,2635,48,21800.00,1,4,22
4610500,6,49,0,663.54,6312.50,0,1,18,141,298261,0.0000,5207,4914,72,47775.00,1,4,50
4610500,5,48,0,573.38,6000.00,1,1,17,140,289871,0.0000,5147,4936,71,41283.33,0,4,48
4613500,15,44,0,600.69,6000.00,0,0,21,95,175084,0.0000,2813,2758,48,28833.33,1,4,45
4615500,13,54,0,653.33,6600.00,1,1,24,120,255274,0.0000,4107,3955,59,39200.00,1,4,51
4620500,2,40,0,519.34,7650.00,0,0,21,119,218482,0.0000,4000,3851,60,31160.26,1,4,40
4626500,7,46,0,776.39,7900.00,1,1,26,120,249855,0.0000,3977,3807,59,46583.33,1,4,44
4627500,11,41,0,670.56,6033.33,2,2,20,120,186565,0.0000,3827,3675,58,40233.33,1,4,36
4629500,14,70,0,662.16,4900.00,2,2,25,120,313214,0.0000,4215,4048,58,39729.49,1,4,61
4629500,12,39,0,758.33,6000.00,1,1,19,96,143029,0.0000,2815,2768,47,36400.00,1,4,39
4635500,8,34,0,576.48,5666.67,0,1,19,117,194996,0.0000,3906,3767,60,34588.89,1,4,35
4640500,9,52,0,538.48,4750.00,1,1,21,144,288304,0.0000,5018,4749,71,38770.24,1,4,50
4641500,3,44,0,827.78,8900.00,0,1,14,93,135196,0.0000,2780,2725,48,39733.33,1,4,39
4645500,1,112,0,538.89,5500.00,1,1,6,118,340029,0.0000,3855,3711,59,32333.33,1,4,41
4650500,4,24,0,540.00,6100.00,1,1,19,120,152509,0.0000,3894,3730,59,32400.00,1,4,23
4650500,10,42,0,433.41,5100.00,1,2,19,142,267236,0.0000,5224,4967,71,31205.77,1,4,40
4656500,0,33,0,748.61,7300.00,1,1,20,96,132620,0.0000,2700,2666,47,35933.33,1,4,31
4660500,6,58,0,650.23,6000.00,1,2,21,140,316190,0.0000,5264,4970,71,46816.67,0,4,56
4661500,5,42,0,502.78,4300.00,0,0,24,144,307285,0.0000,5190,4979,72,36200.00,1,4,43
4664500,15,24,0,652.08,6900.00,1,1,15,96,99707,0.0000,2836,2781,47,31300.00,1,4,23
4666500,13,29,0,366.39,6100.00,1,1,20,120,182678,0.0000,4136,3984,59,21983.33,1,4,29
4673500,2,29,0,525.28,6400.00,1,1,17,120,158534,0.0000,4028,3879,59,31516.67,1,4,28
4676500,7,56,0,838.13,5500.00,1,4,18,114,233900,0.0000,4033,3863,59,50287.50,1,4,56
4677500,11,41,0,573.17,4500.00,2,2,21,117,206925,0.0000,3868,3713,58,34390.48,1,4,38
4679500,14,34,0,431.39,4666.67,1,1,17,120,195158,0.0000,4250,4081,59,25883.33,1,4,33
4682500,12,17,0,468.75,6000.00,2,2,13,96,80536,0.0000,2831,2784,46,22500.00,1,4,16
4685500,8,42,0,574.55,5000.00,1,1,25,120,234835,0.0000,3947,3808,59,34472.73,1,4,41
4692500,9,84,0,541.44,4800.00,1,1,23,144,353993,0.0000,5102,4817,71,38983.33,1,4,68
4694500,3,36,0,599.36,8000.00,1,1,19,96,139829,0.0000,2815,2759,47,28769.23,1,4,34
4695500,1,127,0,414.17,5650.00,1,1,0,120,372457,0.0000,3882,3738,59,24850.00,1,4,27
4700500,4,39,0,685.83,10100.00,0,0,17,119,206207,0.0000,3933,3768,60,41150.00,0,4,38
4700500,10,76,0,619.21,5500.00,1,2,19,141,344936,0.0000,5294,5034,71,44583.33,1,4,67
4706500,0,31,0,538.19,11100.00,0,0,15,96,118020,0.0000,2732,2697,48,25833.33,1,4,31
4712500,6,70,0,611.57,4100.00,1,1,19,144,355325,0.0000,5330,5034,71,44033.33,1,4,64
4716500,13,52,0,613.57,6900.00,2,2,17,118,244641,0.0000,4187,4035,58,36814.29,1,4,51
4716500,5,56,0,545.60,6050.00,2,2,14,144,275291,0.0000,5243,5030,70,39283.33,1,4,51
4717500,15,49,0,856.25,6000.00,1,1,17,96,174056,0.0000,2885,2828,47,41100.00,1,4,47
4724000,2,54,0,648.33,5600.00,0,0,26,120,304627,0.0000,4083,3932,60,38900.00,1,4,53
4728500,7,63,0,1034.95,7000.00,1,1,19,120,257056,0.0000,4095,3921,59,62097.22,1,4,58
4729500,11,65,0,848.40,5333.33,1,1,24,120,273201,0.0000,3933,3773,59,50904.17,1,4,60
4729500,14,67,0,721.67,6100.00,1,1,18,120,238061,0.0000,4302,4124,59,43300.00,1,4,43
4732500,12,42,0,738.54,8100.00,1,1,13,94,131858,0.0000,2874,2821,47,35450.00,1,4,37
4735500,8,45,0,554.80,6500.00,0,2,15,114,210738,0.0000,3993,3854,60,33288.10,1,4,46
4742500,9,40,0,500.00,4000.00,1,1,17,144,246794,0.0000,5142,4857,71,36000.00,1,4,40
4744500,3,33,0,653.12,5500.00,2,2,18,94,138759,0.0000,2847,2791,46,31350.00,1,4,32
4745500,1,146,0,440.00,3600.00,1,1,0,119,376288,0.0000,3927,3782,59,26400.00,0,4,44
4750500,10,70,0,708.33,5400.00,0,0,23,143,354644,0.0000,5364,5096,72,51000.00,1,4,62
4751500,4,38,0,594.17,5350.00,1,1,18,120,193131,0.0000,3970,3805,59,35650.00,1,4,37
4756500,0,43,0,501.04,5000.00,0,0,23,94,174028,0.0000,2775,2739,48,24050.00,1,4,42
4762500,6,74,0,835.65,5900.00,0,0,22,143,364879,0.0000,5404,5107,72,60166.67,0,4,73
4766500,13,58,0,531.88,5350.00,0,1,25,117,304588,0.0000,4247,4089,60,31912.50,1,4,54
4766500,5,76,0,634.26,5750.00,0,0,19,143,354338,0.0000,5310,5094,72,45666.67,1,4,64
4767500,15,42,0,557.29,6000.00,0,1,25,93,190930,0.0000,2928,2871,48,26750.00,1,4,43
4774000,2,75,0,753.19,6950.00,1,1,18,117,285795,0.0000,4157,4004,59,45191.67,0,4,72
4778500,7,62,0,589.00,5850.00,1,1,21,115,264694,0.0000,4157,3979,59,35340.20,1,4,58
4779500,11,49,0,491.24,5840.91,2,2,23,118,254474,0.0000,3981,3820,58,29474.24,1,4,47
4781500,14,40,0,546.55,6600.00,1,1,23,120,240296,0.0000,4342,4164,59,32792.86,1,4,40
4784500,12,32,0,598.26,4750.00,1,1,19,96,139083,0.0000,2906,2852,47,28716.67,1,4,31
4785500,8,48,0,769.21,5285.71,2,2,23,118,240335,0.0000,4038,3897,58,46152.38,1,4,43
4792500,9,68,0,595.83,5100.00,0,0,20,142,293289,0.0000,5203,4909,72,42900.00,1,4,52
4795500,1,76,0,649.72,5100.00,2,3,15,116,266590,0.0000,3988,3839,58,38983.33,1,4,57
4795500,3,30,0,529.17,5200.00,1,1,19,96,134814,0.0000,2878,2822,47,25400.00,1,4,31
4800500,10,34,0,494.68,5600.00,1,2,18,141,224964,0.0000,5397,5129,71,35616.67,1,4,33
4801500,4,64,0,620.71,5100.00,2,2,20,117,272319,0.0000,4032,3861,58,37242.86,1,4,56
4806500,0,50,0,684.72,5000.00,0,0,17,94,148964,0.0000,2825,2781,48,32866.67,1,4,42
4812500,6,41,0,442.94,5100.00,2,2,21,142,292189,0.0000,5443,5145,70,31891.67,1,4,38
4816500,5,35,0,441.67,4100.00,0,0,20,144,265846,0.0000,5345,5129,72,31800.00,1,4,35
4817500,13,30,0,537.22,5500.00,1,1,19,120,184645,0.0000,4276,4117,59,32233.33,1,4,28
4818500,15,41,0,828.60,8500.00,1,1,19,96,158974,0.0000,2968,2910,47,39772.73,1,4,39
4824000,2,64,0,753.04,5500.00,1,1,24,117,314684,0.0000,4221,4066,59,45182.46,0,4,62
4828500,7,84,0,785.55,6000.00,2,2,21,115,312861,0.0000,4237,4048,58,47133.24,1,4,69
4829500,11,83,0,1067.45,7500.00,0,0,24,117,316511,0.0000,4066,3900,60,64047.22,1,4,80
4831500,14,39,0,626.67,5500.00,1,1,17,118,225940,0.0000,4381,4202,59,37600.00,1,4,38
4835500,8,56,0,652.24,4884.62,1,1,19,118,251304,0.0000,4095,3953,59,39134.62,1,4,56
4836500,12,29,0,627.08,7000.00,1,1,19,96,129031,0.0000,2935,2880,47,30100.00,1,4,28
4842500,9,65,0,555.09,3933.33,1,1,20,143,355774,0.0000,5267,4973,71,39966.67,0,4,64
4845500,3,31,0,652.23,5357.14,0,1,17,95,133477,0.0000,2910,2854,48,31307.14,1,4,32
4845500,1,45,0,689.17,5550.00,0,0,15,120,204995,0.0000,4035,3886,60,41350.00,1,4,47
4850500,10,80,0,764.76,5250.00,2,2,15,142,351114,0.0000,5475,5200,70,55062.88,1,4,71
4851500,4,52,0,613.89,5700.00,1,1,28,118,295412,0.0000,4085,3914,59,36833.33,1,4,53
4856500,0,18,0,457.29,5100.00,1,1,12,93,80867,0.0000,2842,2798,47,21950.00,1,4,17
4862500,6,92,0,689.42,5400.00,2,2,19,140,383734,0.0000,5530,5219,70,49638.46,1,4,74
4866500,5,64,0,544.44,5000.00,1,1,26,143,428461,0.0000,5408,5191,71,39200.00,1,4,62
4867500,13,32,0,507.50,4700.00,1,1,13,117,177669,0.0000,4308,4149,59,30450.00,1,4,32
4869000,15,36,0,668.75,6000.00,0,0,23,96,172803,0.0000,3005,2947,48,32100.00,1,4,37
4874000,2,42,0,637.31,5500.00,1,1,22,117,237069,0.0000,4263,4108,59,38238.46,1,4,42
4878500,7,52,0,692.44,6200.00,1,2,21,119,277183,0.0000,4290,4101,59,41546.49,1,4,53
4879500,11,45,0,662.85,7200.00,1,2,20,117,231285,0.0000,4110,3943,59,39770.83,1,4,43
4882000,14,59,0,624.44,6250.00,0,0,20,120,291837,0.0000,4441,4261,60,37466.67,1,4,59
4885500,8,46,0,798.23,6100.00,2,2,25,118,274382,0.0000,4140,3997,58,47893.94,0,4,44
4886500,12,51,0,800.69,6100.00,0,0,21,96,185931,0.0000,2986,2929,48,38433.33,1,4,49
4896000,1,50,0,716.67,7100.00,0,0,27,120,281752,0.0000,4085,3936,60,43000.00,1,4,50
4896500,9,44,0,585.88,6900.00,1,1,15,144,244624,0.0000,5311,5014,71,42183.33,1,4,41
4898500,3,50,0,629.57,6269.23,1,1,20,96,163839,0.0000,2957,2895,47,30219.23,1,4,41
4900500,10,73,0,581.94,5500.00,1,1,12,142,339384,0.0000,5519,5238,71,41900.00,1,4,43
4903500,4,49,0,608.61,6250.00,2,2,22,120,244407,0.0000,4133,3960,58,36516.67,1,4,46
4908500,0,25,0,503.47,5300.00,1,1,17,96,115294,0.0000,2867,2823,47,24166.67,1,4,25
4912500,6,46,0,556.94,6100.00,0,1,21,141,335505,0.0000,5578,5264,72,40100.00,1,4,45
4916500,5,50,0,557.64,5400.00,2,2,16,142,292054,0.0000,5457,5238,70,40150.00,1,4,47
4917500,13,62,0,572.99,4312.50,0,0,17,117,251004,0.0000,4366,4205,60,34379.17,0,4,56
4920500,15,41,0,456.25,5450.00,1,1,20,96,154140,0.0000,3044,2979,47,21900.00,1,4,32
4924000,2,47,0,471.11,6000.00,0,0,26,120,272612,0.0000,4311,4156,60,28266.67,1,4,48
4928500,7,35,0,649.26,6888.89,1,1,13,120,168861,0.0000,4325,4132,59,38955.56,1,4,31
4929500,11,35,0,751.87,6928.57,1,1,22,120,214009,0.0000,4145,3978,59,45111.90,1,4,35
4933500,14,45,0,603.33,6000.00,0,0,19,120,248569,0.0000,4486,4306,60,36200.00,1,4,45
4937500,12,15,0,377.08,5000.00,1,1,10,96,70474,0.0000,3000,2943,47,18100.00,1,4,14
4937500,8,22,0,471.30,6944.44,1,1,15,120,144344,0.0000,4162,4019,59,28277.78,1,4,22
4946000,1,29,0,589.44,6100.00,0,0,16,119,169893,0.0000,4114,3964,60,35366.67,1,4,28
4946500,9,48,0,645.14,6100.00,0,1,20,141,327491,0.0000,5360,5062,72,46450.00,1,4,48
4948500,3,25,0,387.50,3300.00,1,1,14,96,104723,0.0000,2982,2920,47,18600.00,1,4,25
4950500,10,134,0,507.87,4500.00,1,1,8,144,510511,0.0000,5573,5291,71,36566.67,1,4,53
4953500,4,28,0,565.00,6000.00,1,1,14,120,155058,0.0000,4162,3989,59,33900.00,1,4,29
4962500,6,73,0,549.65,4250.00,1,1,14,144,323264,0.0000,5650,5326,71,39575.00,1,4,62
4964500,0,23,0,591.67,6500.00,1,1,12,96,93560,0.0000,2890,2846,47,28400.00,1,4,23
4966500,5,42,0,567.16,5100.00,1,1,18,142,283985,0.0000,5500,5280,71,40835.71,1,4,42
4971500,13,23,0,336.67,4100.00,1,1,20,120,172871,0.0000,4388,4227,59,20200.00,1,4,22
4973500,15,25,0,475.00,5700.00,1,1,16,96,119714,0.0000,3069,3004,47,22800.00,1,4,25
4974500,2,22,0,411.67,5000.00,1,1,15,120,145890,0.0000,4332,4177,59,24700.00,1,4,21
4978500,7,28,0,481.67,6100.00,1,1,12,117,153440,0.0000,4353,4160,59,28900.00,0,4,28
4980500,11,34,0,643.33,5300.00,0,0,19,120,195871,0.0000,4180,4013,60,38600.00,1,4,35
4983500,14,30,0,423.06,5333.33,1,1,18,120,198794,0.0000,4515,4335,59,25383.33,1,4,29
4988500,8,40,0,734.17,6050.00,1,1,19,120,214016,0.0000,4202,4059,59,44050.00,1,4,40
4996000,1,54,0,674.53,5300.00,1,2,18,117,223203,0.0000,4167,4014,59,40471.98,1,4,50
4996500,9,37,0,500.89,6214.29,1,2,20,142,259044,0.0000,5396,5098,71,36064.29,1,4,36
4996500,12,35,0,786.46,7100.00,1,1,15,96,133225,0.0000,3035,2978,47,37750.00,1,4,35
4999500,3,32,0,605.56,7100.00,1,1,14,96,123351,0.0000,3014,2952,47,29066.67,1,4,32
